order_number,client_name,client_name_clean,loading_date,unloading_date,route_from_country,route_from_postal_code,route_from_city,route_to_country,route_to_postal_code,route_to_city,cargo_ep,cargo_ldm,cargo_weight_kg,cargo_description,client_amount_eur,carrier_amount_eur,profit_eur,sales_invoices,sales_invoice_numbers,sales_invoice_terms,sales_invoice_dates,purchase_invoices,purchase_invoice_numbers,purchase_invoice_terms,purchase_invoice_dates,expedition_number,carrier_details,carrier_details_clean,notes
2025-169,UAB Stesika,UAB Stesika,2025-11-06,2025-11-11,DE,74679,,EE,10313,,7,,1401,"7 EP, 1401 kg,",620.00,500.00,120.00,,,,,,,,,E02507,SIA Tempus Lin..,SIA Tempus Lin,
2025-168,UAB Gamos proje..,UAB Gamos proje,2025-11-05,2025-11-07,LT,LT-78120,Kauno apskritis,NO,1383,,,,900,"900 kg,",1400.00,1270.00,130.00,,,,,,,,,E02506,"7 Express, MB..","7 Express, MB",
2025-167,UAB Komforto si..,UAB Komforto si,2025-11-04,2025-11-06,NL,7575,EE,LT,,Vilniaus apskritis,22,8.8,2200,"22 EP, 2200 kg, 8.8 ldm,",1300.00,1075.00,225.00,,,,,,,,,E02505,UAB Vilmaris..,UAB Vilmaris,
2025-166,UAB Solvas,UAB Solvas,2025-11-04,2025-11-05,LT,,Kauno apskritis,BE,3000,,,3,900,"900 kg, 3 ldm,",1100.00,850.00,250.00,,,,,,,,,E02504,UAB Tenor,UAB Tenor,
2025-165,UAB Komforto si..,UAB Komforto si,2025-11-03,2025-11-06,IT,20882,,LT,,Vilniaus apskritis,,8.8,2200,"2200 kg, 8.8 ldm,",150.00,100.00,50.00,,,,,,,,,E02503,UAB Mindaiva..,UAB Mindaiva,
2025-164,UAB Garliavos m..,UAB Garliavos m,2025-11-03,2025-11-06,NL,4043,,LT,,Kauno apskritis,,13.6,15000,"15000 kg, 13.6 ldm,",1620.00,1520.00,100.00,,,,,,,,,E02502,Collicare Logi..,Collicare Logi,
2025-163,UAB Solvas,UAB Solvas,2025-10-31,2025-11-04,BE,3000,,LT,,Kauno apskritis,,,1400,"1400 kg,",550.00,,,,,,,,,,,,Nepriskirtas,Nepriskirtas,
2025-162,UAB Stesika,UAB Stesika,2025-10-28,2025-10-30,DE,74679,,LT,,Kauno apskritis,7,2.5,2900,"7 EP, 2900 kg, 2.5 ldm,",600.00,120.00,80.00,LOG 0005932 30 d. 25.11.30,LOG 0005932,30,2025-11-30,,,,,E02500,UAB Terminalit..,UAB Terminalit,
2025-161,UAB Kelmolis,UAB Kelmolis,2025-10-27,2025-10-31,DE,26180,,LT,86105,,1,0.5,1000,"1 EP, 1000 kg, 0.5 ldm,",220.00,190.00,30.00,,,,,,,,,E02498,UAB Delamode B..,UAB Delamode B,
2025-160,UAB Solvas,UAB Solvas,2025-10-24,2025-10-24,LT,,Kauno apskritis,LT,,Kauno apskritis,1,,200,"1 EP, 200 kg,",35.00,30.00,5.00,,,,,,,,,E02497,EDS cargo tran..,EDS cargo tran,
2025-159,UAB Solvas,UAB Solvas,2025-10-24,2025-10-27,LT,,Kauno apskritis,BE,3000,,,10,3000,"3000 kg, 10 ldm,",1700.00,1500.00,200.00,,,,,,,,,E02496,UAB Baltic Tra..,UAB Baltic Tra,
2025-158,UAB Gamos proje..,UAB Gamos proje,2025-10-24,2025-10-27,LT,LT-78120,,NO,1383,,,,1200,"1200 kg,",1300.00,1180.00,120.00,,,,,,,,,E02495,UAB Vadeka,UAB Vadeka,
2025-157,UAB Gamos proje..,UAB Gamos proje,2025-10-22,2025-10-24,LT,LT-78120,,NO,1383,,,,500,"500 kg,",750.00,600.00,150.00,,,,,,,,,E02494,UAB Transnorda..,UAB Transnorda,
2025-156,UAB Garliavos m..,UAB Garliavos m,2025-10-24,2025-10-27,DE,26160,,LT,,Jonučių k...,,13.6,20000,"20000 kg, 13.6 ldm,",1570.00,1500.00,70.00,,,,,,,,,E02493,"Sanosta, UAB..","Sanosta, UAB",
2025-155,UAB Gamos proje..,UAB Gamos proje,2025-10-10,2025-10-13,LT,LT-78120,,NO,1383,,,,300,"300 kg,",500.00,370.00,130.00,,,,,,,,,E02492,UAB Kelpa,UAB Kelpa,
2025-154,UAB Solvas,UAB Solvas,2025-10-06,2025-10-09,LT,,Kauno apskritis,BE,3210,,,,10000,"10000 kg,",2100.00,1800.00,300.00,,,,,,,,,E02491,"Transera, UAB..","Transera, UAB",
2025-153,"Ventiva, UAB","Ventiva, UAB",2025-10-01,2025-10-02,LT,,Kauno apskritis,LT,,Pabrade,3,,450,"3 EP, 450 kg,",200.00,150.00,50.00,LOG 0005931 5 d. 25.10.27,LOG 0005931,5,2025-10-27,VAI 505 1 d. 2025-10-04,VAI 505,1,2025-10-04,E02489,"Vairūna, MB..","Vairūna, MB",
2025-152,"Mehmė, MB","Mehmė, MB",2025-09-25,2025-09-29,NL,2851,,LT,,Kauno apskritis,1,,80,"1 EP, 80 kg,",140.00,85.00,55.00,LOG 0005930 5 d. 25.10.05,LOG 0005930,5,2025-10-05,ACUS51104 45 d. 2025-11-20,ACUS51104,45,2025-11-20,E02488,UAB Acurita..,UAB Acurita,
2025-151,"Town projects, ..","Town projects,",2025-09-22,2025-09-25,LT,,Radviliškis,NO,,Oslo,1,1.3,700,"1 EP, 700 kg, 1.3 ldm,",550.00,350.00,200.00,LOG 0005929 30 d. 25.10.30,LOG 0005929,30,2025-10-30,TV25 0003 2025-09-25,TV25 0003,,2025-09-25,E02487,Transvirus MB..,Transvirus MB,
2025-150,G. Fridriko Įmo..,G. Fridriko Įmo,2025-09-22,2025-09-24,DE,37124,,LT,,Klaipėda,,13.6,5000,"5000 kg, 13.6 ldm,",1550.00,1400.00,150.00,LOG 0005926 30 d. 25.10.30,LOG 0005926,30,2025-10-30,PU20250269 20 d. 2025-10-15,PU20250269,20,2025-10-15,E02485,"Pulmera, UAB..","Pulmera, UAB",
2025-149,MB Žali stogai..,MB Žali stogai,2025-09-18,2025-09-22,DE,73265,,LT,,Kaunas,3,2.5,763,"3 EP, 763 kg, 2.5 ldm,",520.00,420.00,100.00,LOG 0005928 30 d. 25.10.30,LOG 0005928,30,2025-10-30,178442 45 d. 2025-11-08,178442,45,2025-11-08,E02484,UAB Transekspe..,UAB Transekspe,
2025-148,UAB Gamos proje..,UAB Gamos proje,2025-09-13,2025-09-15,LT,LT-78120,,NO,1383,,8,,120,"8 EP, 120 kg,",250.00,150.00,100.00,LOG 0005927 10 d. 25.10.10,LOG 0005927,10,2025-10-10,SF 1709 30 d. 2025-10-19,SF 1709,30,2025-10-19,E02483,MB Noltera,MB Noltera,
2025-147,G. Fridriko Įmo..,G. Fridriko Įmo,2025-09-11,2025-09-15,DE,06116,,LT,,Klaipėda,27,13.6,10000,"27 EP, 10000 kg, 13.6 ldm,",1500.00,1400.00,100.00,LOG 0005926 30 d. 25.10.30,LOG 0005926,30,2025-10-30,SPARJ2509386 30 d. 2025-10-17,SPARJ2509386,30,2025-10-17,E02482,Emex transport..,Emex transport,
2025-146,"Ventiva, UAB","Ventiva, UAB",2025-09-09,2025-09-09,LT,,Kauno apskritis,LT,,Pabrade,9,3.6,450,"9 EP, 450 kg, 3.6 ldm,",150.00,120.00,30.00,LOG 0005925 5 d. 25.10.05,LOG 0005925,5,2025-10-05,VAI 475 2 d. 2025-09-11,VAI 475,2,2025-09-11,E02481,"Vairūna, MB..","Vairūna, MB",
2025-145,UAB Ergolain pr..,UAB Ergolain pr,2025-09-05,2025-09-05,LT,,Vilniaus apskritis,NO,,Oslo,,,25,"25 kg,",200.00,30.00,70.00,LOG 0005924 15 d. 25.10.15,LOG 0005924,15,2025-10-15,﻿﻿TRP50647 10 d. 2025-10-10,﻿﻿TRP50647,10,2025-10-10,E02480,UAB Tarpa,UAB Tarpa,
2025-144,UAB Stesika,UAB Stesika,2025-09-05,2025-09-09,DE,74679,,LT,,Klaipėda,1,2.2,2200,"1 EP, 2200 kg, 2.2 ldm,",540.00,450.00,90.00,LOG 0005922 30 d. 25.10.10,LOG 0005922,30,2025-10-10,25-2749 45 d. 2025-10-24,25-2749,45,2025-10-24,E02478,SIA Tempus Lin..,SIA Tempus Lin,
2025-143,UAB Stesika,UAB Stesika,2025-09-04,2025-09-08,DE,74679,,EE,10313,,,,1411,"1411 kg,",550.00,480.00,70.00,LOG 0005922 30 d. 25.10.10,LOG 0005922,30,2025-10-10,202504914 30 d. 2025-10-08,202504914,30,2025-10-08,E02477,"Grāfa auto, SI..","Grāfa auto, SI",
2025-142,UAB Gamos proje..,UAB Gamos proje,2025-09-03,2025-09-05,LT,LT-78120,,NO,1383,,,3.8,1100,"1100 kg, 3.8 ldm,",1240.00,30.00,110.00,LOG 0005923 10 d. 25.09.20,LOG 0005923,10,2025-09-20,﻿﻿TRP50647 10 d. 2025-10-10,﻿﻿TRP50647,10,2025-10-10,E02476,UAB Tarpa,UAB Tarpa,
2025-141,UAB Gamos proje..,UAB Gamos proje,2025-08-28,2025-08-29,LT,LT-78120,,NO,1383,,,4,1000,"1000 kg, 4 ldm,",1340.00,30.00,110.00,LOG 0005921 10 d. 25.09.08,LOG 0005921,10,2025-09-08,﻿﻿TRP50647 10 d. 2025-10-10,﻿﻿TRP50647,10,2025-10-10,E02474,UAB Tarpa,UAB Tarpa,
2025-140,UAB Gamos proje..,UAB Gamos proje,2025-08-29,2025-09-01,LT,LT-78120,,NO,3510,,,2,500,"500 kg, 2 ldm,",1240.00,30.00,160.00,LOG 0005921 10 d. 25.09.08,LOG 0005921,10,2025-09-08,TRP50559 10 d. 2025-08-10,TRP50559,10,2025-08-10,E02469,UAB Tarpa,UAB Tarpa,
2025-139,UAB Gamos proje..,UAB Gamos proje,2025-08-27,2025-08-29,LT,LT-78120,,NO,1383,3510,,4,1000,"1000 kg, 4 ldm,",1340.00,30.00,110.00,LOG 0005921 10 d. 25.09.08,LOG 0005921,10,2025-09-08,TRP50559 10 d. 2025-08-10,TRP50559,10,2025-08-10,E02467,UAB Tarpa,UAB Tarpa,
2025-138,UAB Inovatyvių ..,UAB Inovatyvių,2025-08-26,2025-08-27,LT,,Vydmantai,DE,,,1,3.5,,"1 EP, 3.5 ldm,",1100.00,1000.00,100.00,LOG 0005919 30 d. 25.09.28,LOG 0005919,30,2025-09-28,TR2508/287 45 d. 2025-10-15,TR2508/287,45,2025-10-15,E02465,UAB Transaudra..,UAB Transaudra,
2025-137,UAB Ergolain pr..,UAB Ergolain pr,2025-08-22,2025-08-25,LT,,Vilniaus apskritis,NO,,Oslo,1,,120,"1 EP, 120 kg,",440.00,30.00,110.00,LOG 0005920 15 d. 25.09.13,LOG 0005920,15,2025-09-13,TRP50559 10 d. 2025-08-10,TRP50559,10,2025-08-10,E02470,UAB Tarpa,UAB Tarpa,
2025-136,UAB Solvas,UAB Solvas,2025-08-22,2025-08-25,LT,,Kauno apskritis Lentvaris,BE,3210,,1,,200,"1 EP, 200 kg,",800.00,700.00,100.00,LOG 0005918 15 d. 25.09.13,LOG 0005918,15,2025-09-13,16575 45 d. 2025-10-13,16575,45,2025-10-13,E02463,UAB Gidova,UAB Gidova,
2025-135,UAB Inovatyvių ..,UAB Inovatyvių,2025-08-18,2025-08-20,LT,,Vydmantai,DE,,Berlin,,,15000,"15000 kg,",1200.00,1050.00,150.00,LOG 0005919 30 d. 25.09.28,LOG 0005919,30,2025-09-28,10775 45 d. 2025-10-04,10775,45,2025-10-04,E02460,V. Stonkaus ko..,V. Stonkaus ko,
2025-134,UAB Solvas,UAB Solvas,2025-08-06,2025-08-08,BE,,,LT,,Kauno apskritis,,0.1,50,"50 kg, 0.1 ldm,",200.00,140.00,60.00,LOG 0005918 15 d. 25.09.13,LOG 0005918,15,2025-09-13,ALX 00001439 30 d. 2025-09-13,ALX 00001439,30,2025-09-13,E02459,Alexyna Transp..,Alexyna Transp,
2025-133,UAB Garliavos m..,UAB Garliavos m,2025-08-05,2025-08-08,DE,94474,,LT,,Jonučių k...,2,0.8,450,"2 EP, 450 kg, 0.8 ldm,",250.00,190.00,60.00,LOG 0005917 5 d. 25.09.03,LOG 0005917,5,2025-09-03,ZR30489 45 d. 2025-10-04,ZR30489,45,2025-10-04,E02458,UAB ZR Transpo..,UAB ZR Transpo,
2025-132,UAB Garliavos m..,UAB Garliavos m,2025-08-05,2025-08-11,IT,36070,,LT,,Jonučių k...,,7.6,2000,"2000 kg, 7.6 ldm,",1850.00,1650.00,200.00,LOG 0005916 5 d. 25.08.17,LOG 0005916,5,2025-08-17,RBS1952842988 60 d. 2025-11-09,RBS1952842988,60,2025-11-09,E02457,UAB Raben Liet..,UAB Raben Liet,
2025-131,UAB Gamos proje..,UAB Gamos proje,2025-08-02,2025-08-04,LT,LT-78120,,NO,3414,,,1,200,"200 kg, 1 ldm,",370.00,30.00,140.00,LOG 0005915 10 d. 25.08.22,LOG 0005915,10,2025-08-22,TRP50559 10 d. 2025-08-10,TRP50559,10,2025-08-10,E02456,UAB Tarpa,UAB Tarpa,
2025-130,UAB Solvas,UAB Solvas,2025-08-01,2025-08-02,LT,,Kauno apskritis,BE,3210,,,4,500,"500 kg, 4 ldm,",1150.00,1050.00,100.00,LOG 0005907 15 d. 25.08.15,LOG 0005907,15,2025-08-15,BRO 00306 1 d. 2025-08-05,BRO 00306,1,2025-08-05,E02454,"Transbro, MB..","Transbro, MB",
2025-129,MB Žali stogai..,MB Žali stogai,2025-07-30,2025-08-04,DE,73265,,LT,,Kaunas,1,1.6,750,"1 EP, 750 kg, 1.6 ldm,",360.00,260.00,100.00,LOG 0005914 30 d. 25.09.11,LOG 0005914,30,2025-09-11,250833664 45 d. 2025-09-19,250833664,45,2025-09-19,E02453,UAB Praimeks..,UAB Praimeks,
2025-128,UAB Solvas,UAB Solvas,2025-07-28,2025-07-29,LT,,Kauno apskritis,BE,3210,,,4,1200,"1200 kg, 4 ldm,",1150.00,1000.00,150.00,LOG 0005907 15 d. 25.08.15,LOG 0005907,15,2025-08-15,RB0961 45 d. 2025-09-11,RB0961,45,2025-09-11,E02452,"RBSamda, UAB..","RBSamda, UAB",
2025-127,UAB Solvas,UAB Solvas,2025-07-24,2025-07-25,LT,,Kauno apskritis,BE,3210,,,4,1000,"1000 kg, 4 ldm,",1150.00,1100.00,50.00,LOG 0005907 15 d. 25.08.15,LOG 0005907,15,2025-08-15,BRO00296 1 d. 2025-07-29,BRO00296,1,2025-07-29,E02451,"Transbro, MB..","Transbro, MB",
2025-126,UAB Ergolain pr..,UAB Ergolain pr,2025-07-16,2025-07-16,LT,,Kužiai,LV,,Riga,,7,2000,"2000 kg, 7 ldm,",550.00,400.00,150.00,LOG 0005911 10 d. 25.08.10,LOG 0005911,10,2025-08-10,SGS25-1272 30 d. 2025-08-15,SGS25-1272,30,2025-08-15,E02450,"SGServiss-1, S..","SGServiss-1, S",
2025-125,UAB Ergolain pr..,UAB Ergolain pr,2025-07-17,2025-07-24,LT,,Kauno apskritis Vilniaus apskritis,CH,,Geneva,,7,4000,"4000 kg, 7 ldm,",2530.00,2050.00,365.00,LOG 0005913 15 d. 25.08.15,LOG 0005913,15,2025-08-15,TT14228 30 d. 2025-08-28,TT14228,30,2025-08-28,E02449,UAB TOP Transp..,UAB TOP Transp,
2025-124,UAB Kelmolis,UAB Kelmolis,2025-07-15,2025-07-21,DE,47809,,LT,86105,,4,2,4000,"4 EP, 4000 kg, 2 ldm,",390.00,300.00,90.00,LOG 0005904 30 d. 25.08.30,LOG 0005904,30,2025-08-30,2025-07-99 30 d. 2025-08-22,;,30,2025-07-99;2025-08-22,E02448,"Briežkalni, SI..","Briežkalni, SI",
2025-123,UAB Solvas,UAB Solvas,2025-07-18,2025-07-21,LT,,Kauno apskritis,BE,3210,,,7,4000,"4000 kg, 7 ldm,",1800.00,1550.00,250.00,LOG 0005906 15 d. 25.08.15,LOG 0005906,15,2025-08-15,KOM 03963 30 d. 2025-08-21,KOM 03963,30,2025-08-21,E02447,UAB Vilktera..,UAB Vilktera,
2025-122,UAB Garliavos m..,UAB Garliavos m,2025-07-15,2025-07-17,NL,7532,,LT,,Jonučių k...,,1.6,850,"850 kg, 1.6 ldm,",360.00,290.00,70.00,LOG 0005909 5 d. 25.08.05,LOG 0005909,5,2025-08-05,ART 1863 45 d. 2025-09-06,ART 1863,45,2025-09-06,E02446,Artralai UAB..,Artralai UAB,
2025-121,UAB Ergolain ba..,UAB Ergolain ba,2025-07-14,2025-07-14,LT,,Kužiai,LT,,Miliai Ma..,,,16000,"16000 kg,",200.00,120.00,80.00,LOG 0005911 10 d. 25.08.10,LOG 0005911,10,2025-08-10,ORO0002754 30 d. 2025-08-14,ORO0002754,30,2025-08-14,E02445,"Orogita, UAB..","Orogita, UAB",
2025-120,UAB Solvas,UAB Solvas,2025-07-11,2025-07-14,LT,,Kauno apskritis,BE,3210,,,4,2500,"2500 kg, 4 ldm,",2300.00,2000.00,300.00,LOG 0005906 15 d. 25.08.15,LOG 0005906,15,2025-08-15,RB 0810 45 d. 2025-08-29,RB 0810,45,2025-08-29,E02444,"RBSamda, UAB..","RBSamda, UAB",
2025-119,UAB Garliavos m..,UAB Garliavos m,2025-07-09,2025-07-11,NL,4043,KH,LT,,Jonučių k...,,12,15000,"15000 kg, 12 ldm,",1600.00,1500.00,100.00,LOG 0005909 5 d. 25.08.05,LOG 0005909,5,2025-08-05,25/3287 45 d. 2025-08-30,25/3287,45,2025-08-30,E02439,Weffer UAB,Weffer UAB,
2025-118,UAB Solvas,UAB Solvas,2025-07-08,2025-07-09,LT,,Kauno apskritis,BE,3210,,,4,1000,"1000 kg, 4 ldm,",1150.00,1050.00,100.00,LOG 0005906 15 d. 25.08.15,LOG 0005906,15,2025-08-15,TN004983 45 d. 2025-09-04,TN004983,45,2025-09-04,E02438,"Transnorta, UA..","Transnorta, UA",
2025-117,UAB Inovatyvių ..,UAB Inovatyvių,2025-07-07,2025-07-08,LT,,Vydmantai,DE,,D55,,1,100,"100 kg, 1 ldm,",850.00,700.00,150.00,LOG 0005908 30 d. 25.08.30,LOG 0005908,30,2025-08-30,VEC 20250120 45 d. 2025-08-24,VEC 20250120,45,2025-08-24,E02437,"Vecturas, MB..","Vecturas, MB",
2025-116,UAB Ergolain pr..,UAB Ergolain pr,2025-07-04,2025-07-07,LT,,Vilniaus apskritis,NO,,Oslo,,,150,"150 kg,",415.00,36.00,179.00,LOG 0005912 15 d. 25.08.15,LOG 0005912,15,2025-08-15,TRP50468 30 d. 2025-08-30,TRP50468,30,2025-08-30,E02472,UAB Tarpa,UAB Tarpa,
2025-115,UAB Inovatyvių ..,UAB Inovatyvių,2025-07-04,2025-07-05,LT,,Vydmantai,DE,,D55,,4.8,1200,"1200 kg, 4.8 ldm,",1300.00,1000.00,300.00,LOG 0005908 30 d. 25.08.30,LOG 0005908,30,2025-08-30,TEN25114 30 d. 2025-09-15,TEN25114,30,2025-09-15,E02432,UAB Tenor,UAB Tenor,
2025-114,UAB Stesika,UAB Stesika,2025-07-02,2025-07-04,EE,,Talinas,LT,,Klaipėda,1,,550,"1 EP, 550 kg,",185.00,150.00,35.00,LOG 0005902 30 d. 25.08.03,LOG 0005902,30,2025-08-03,AXI 776278 2025-07-04,AXI 776278,,2025-07-04,E02431,UAB Axis Trans..,UAB Axis Trans,
2025-113,UAB Inovatyvių ..,UAB Inovatyvių,2025-07-02,2025-07-03,LT,,Vydmantai,DE,,D55,,4.2,1200,"1200 kg, 4.2 ldm,",1250.00,1100.00,150.00,LOG 0005905 30 d. 25.08.30,LOG 0005905,30,2025-08-30,2574 45 d. 2025-08-21,2574,45,2025-08-21,E02430,Kastytis Trans..,Kastytis Trans,
2025-112,UAB Ergolain pr..,UAB Ergolain pr,2025-06-27,2025-06-30,LT,,Kužiai,,,,,,20,"20 kg,",180.00,100.00,50.00,LOG 0005910 15 d. 25.08.15,LOG 0005910,15,2025-08-15,LAB2146 30 d. 2025-07-30,LAB2146,30,2025-07-30,E02429,MB Launida,MB Launida,
2025-111,UAB Ergolain pr..,UAB Ergolain pr,2025-06-27,2025-06-30,LT,,Vilniaus apskritis,NO,,Oslo,,2.5,500,"500 kg, 2.5 ldm,",790.00,30.00,120.00,LOG 0005910 15 d. 25.08.15,LOG 0005910,15,2025-08-15,TRP50400 30 d. 0000-00-00,TRP50400,30,0000-00-00,E02441,UAB Tarpa,UAB Tarpa,
2025-110,UAB Ergolain pr..,UAB Ergolain pr,2025-06-27,2025-06-30,LT,,Vilniaus apskritis,NO,,Oslo,,,1000,"1000 kg,",1340.00,1000.00,310.00,LOG 0005901 15 d. 25.07.15,LOG 0005901,15,2025-07-15,SF 1642 30 d. 2025-08-02,SF 1642,30,2025-08-02,E02426,"Noltera, MB..","Noltera, MB",
2025-109,UAB Gamos proje..,UAB Gamos proje,2025-07-01,2025-07-02,LT,LT-78120,,NO,,Oslo,,,300,"300 kg,",1240.00,30.00,310.00,LOG 0005903 10 d. 25.07.14,LOG 0005903,10,2025-07-14,TRP50400 30 d. 0000-00-00,TRP50400,30,0000-00-00,E02443,UAB Tarpa,UAB Tarpa,
2025-108,UAB Solvas,UAB Solvas,2025-06-27,2025-06-30,LT,,Kauno apskritis,BE,3210,,,6.4,4000,"4000 kg, 6.4 ldm,",1800.00,1600.00,200.00,LOG 0005900 15 d. 25.07.15,LOG 0005900,15,2025-07-15,AMR 11614 30 d. 2025-07-27,AMR 11614,30,2025-07-27,E02424,"Amervika, MB..","Amervika, MB",
2025-107,UAB Kelmolis,UAB Kelmolis,2025-06-26,2025-06-30,SE,43442,,LT,86105,,1,0.6,900,"1 EP, 900 kg, 0.6 ldm,",145.00,120.00,25.00,LOG 0005904 30 d. 25.08.30,LOG 0005904,30,2025-08-30,NTG 202518632 45 d. 2025-08-24,NTG 202518632,45,2025-08-24,E02423,UAB NTG Lithua..,UAB NTG Lithua,
2025-106,UAB Solvas,UAB Solvas,2025-06-25,2025-06-30,BE,3210,,LT,,Kauno apskritis,,2.6,900,"900 kg, 2.6 ldm,",450.00,400.00,50.00,LOG 0005900 15 d. 25.07.15,LOG 0005900,15,2025-07-15,AUT 297699 30 d. 2025-07-31,AUT 297699,30,2025-07-31,E02422,UAB Autologist..,UAB Autologist,
2025-105,Lakkbar AS,Lakkbar AS,2025-06-25,2025-06-27,LT,,Vydmantai,NO,,Oslo,,,1200,"1200 kg,",1650.00,30.00,370.00,LOG 0005896 10 d. 25.07.05,LOG 0005896,10,2025-07-05,TRP50400 30 d. 0000-00-00,TRP50400,30,0000-00-00,E02471,UAB Tarpa,UAB Tarpa,
2025-104,UAB Ergolain pr..,UAB Ergolain pr,2025-06-20,2025-06-23,LT,,Kužiai,NO,,Oslo,,6,4000,"4000 kg, 6 ldm,",1780.00,280.00,364.00,LOG 0005898 15 d. 25.07.15,LOG 0005898,15,2025-07-15,NTG 202520596 45 d. 2025-09-14,NTG 202520596,45,2025-09-14,E02436,UAB NTG Lithua..,UAB NTG Lithua,
2025-103,UAB Solvas,UAB Solvas,2025-06-20,2025-06-23,LT,,Kauno apskritis,BE,3210,,,6.4,,"6.4 ldm,",1800.00,1600.00,200.00,LOG 0005899 15 d. 25.07.15,LOG 0005899,15,2025-07-15,AUT 297638 45 d. 2025-08-07,AUT 297638,45,2025-08-07,E02419,UAB Autologist..,UAB Autologist,
2025-102,UAB Solvas,UAB Solvas,2025-06-16,2025-06-20,BE,8790,,LT,,Kauno apskritis,,,100,"100 kg,",500.00,350.00,150.00,LOG 0005899 15 d. 25.07.15,LOG 0005899,15,2025-07-15,AB 000396 30 d. 2025-07-20,AB 000396,30,2025-07-20,E02418,Bernota transp..,Bernota transp,
2025-101,UAB Solvas,UAB Solvas,2025-06-16,2025-06-17,LT,,Kauno apskritis,BE,3210,,,4,1200,"1200 kg, 4 ldm,",1150.00,1000.00,150.00,LOG 0005899 15 d. 25.07.15,LOG 0005899,15,2025-07-15,AGA0002804 30 d. 2025-07-20,AGA0002804,30,2025-07-20,E02417,A.Perednio įmo..,A.Perednio įmo,
2025-100,"Mehmė, MB","Mehmė, MB",2025-06-13,2025-06-16,NL,,,LT,,,,1,1000,"1000 kg, 1 ldm,",400.00,300.00,100.00,LOG 0005895 5 d. 25.06.28,LOG 0005895,5,2025-06-28,ABR100014390 45 d. 2025-08-02,ABR100014390,45,2025-08-02,E02416,UAB Autobrolis..,UAB Autobrolis,
2025-099,UAB Ergolain pr..,UAB Ergolain pr,2025-06-13,2025-06-16,LT,LT-78120,,NO,8312,,1,4,300,"1 EP, 300 kg, 4 ldm,",2840.00,2400.00,410.00,LOG 0005898 15 d. 25.07.15,LOG 0005898,15,2025-07-15,9847 30 d. 2025-07-16,9847,30,2025-07-16,E02415,"Skanerlita, UA..","Skanerlita, UA",
2025-098,UAB Stesika,UAB Stesika,2025-06-13,2025-06-16,EE,,Talinas,LT,,Klaipėda,,3,2000,"2000 kg, 3 ldm,",265.00,220.00,45.00,LOG 0005891 30 d. 25.07.16,LOG 0005891,30,2025-07-16,ARVE 2513110 30 d. 2025-07-17,ARVE 2513110,30,2025-07-17,E02414,"Alpi Eesti, OÜ..","Alpi Eesti, OÜ",
2025-097,UAB Solvas,UAB Solvas,2025-06-13,2025-06-16,LT,,Kauno apskritis,BE,3210,,,4,1200,"1200 kg, 4 ldm,",1200.00,1000.00,200.00,LOG 0005897 15 d. 25.07.15,LOG 0005897,15,2025-07-15,VA 4863 30 d. 2025-07-20,VA 4863,30,2025-07-20,E02413,UAB Vadeka,UAB Vadeka,
2025-096,UAB Solvas,UAB Solvas,2025-06-06,2025-06-07,LT,,Kauno apskritis,BE,3210,,,4,1100,"1100 kg, 4 ldm,",1250.00,1200.00,50.00,LOG 0005897 15 d. 25.07.15,LOG 0005897,15,2025-07-15,SF 86 30 d. 2025-07-10,SF 86,30,2025-07-10,E02412,UAB Donsara..,UAB Donsara,
2025-095,UAB Solvas,UAB Solvas,2025-06-04,2025-06-06,NL,9723,,,,,1,,100,"1 EP, 100 kg,",450.00,350.00,100.00,LOG 0005897 15 d. 25.07.15,LOG 0005897,15,2025-07-15,FSTS 157066 45 d. 2025-07-24,FSTS 157066,45,2025-07-24,E02411,UAB FSTS,UAB FSTS,
2025-094,UAB Solvas,UAB Solvas,2025-06-04,2025-06-06,BE,,3210+8520,LT,,Kauno apskritis,,,300,"300 kg,",500.00,350.00,150.00,LOG 0005897 15 d. 25.07.15,LOG 0005897,15,2025-07-15,TR2506/058 45 d. 2025-07-26,TR2506/058,45,2025-07-26,E02410,UAB Transaudra..,UAB Transaudra,
2025-093,UAB Stesika,UAB Stesika,2025-06-04,2025-06-10,DE,74679,,LT,,Klaipėda,4,,1200,"4 EP, 1200 kg,",380.00,320.00,60.00,LOG 0005890 30 d. 25.07.11,LOG 0005890,30,2025-07-11,RBS1952642032 45 d. 2025-08-10,RBS1952642032,45,2025-08-10,E02409,UAB Raben Liet..,UAB Raben Liet,
2025-092,UAB Baltic Solu..,UAB Baltic Solu,2025-06-06,2025-06-10,DE,85386,,LT,,Vilniaus apskritis,28,6,10000,"28 EP, 10000 kg, 6 ldm,",920.00,840.00,80.00,LOG 0005894 30 d. 25.07.16,LOG 0005894,30,2025-07-16,250633333 45 d. 2025-07-26,250633333,45,2025-07-26,E02408,UAB Praimeks..,UAB Praimeks,
2025-091,UAB Inovatyvių ..,UAB Inovatyvių,2025-05-23,2025-05-26,LT,,Vydmantai,DE,76530,,,13.6,7000,"7000 kg, 13.6 ldm,",2100.00,1900.00,200.00,LOG 0005885 30 d. 25.06.26,LOG 0005885,30,2025-06-26,,,,,E02406,"AT cargo, SIA..","AT cargo, SIA",
2025-090,Virginija Petki..,Virginija Petki,2025-05-23,2025-05-26,DK,6715,,LT,,Pagėgiai,,8,10000,"10000 kg, 8 ldm,",1300.00,1100.00,200.00,LOG 0005893 25.06.16,LOG 0005893,,2025-06-16,688414 30 d. 2025-07-13,688414,30,2025-07-13,E02405,UAB ColliCare ..,UAB ColliCare,
2025-089,UAB Inovatyvių ..,UAB Inovatyvių,2025-05-23,2025-05-26,LT,,Vydmantai,DE,,42283+42349,,3,400,"400 kg, 3 ldm,",750.00,450.00,300.00,LOG 0005885 30 d. 25.06.26,LOG 0005885,30,2025-06-26,VEFT00060697 30 d. 2025-06-26,VEFT00060697,30,2025-06-26,E02404,UAB Veftas,UAB Veftas,
2025-088,MB Manto projek..,MB Manto projek,2025-05-20,2025-05-23,LT,,Vilniaus apskritis FR Villiers-l..,FR,,Villiers-l.. - LT Vilniaus apskritis,,13.6,5000,"5000 kg, 13.6 ldm, 5000 kg, 13.6 ldm,",2800.00,2300.00,500.00,LOG 0005892 10 d. 25.06.26,LOG 0005892,10,2025-06-26,94 30 d. 2025-06-26,94,30,2025-06-26,E02403,"Transpurtas, U..","Transpurtas, U",
2025-087,UAB Solvas,UAB Solvas,2025-05-19,2025-05-20,LT,,Kauno apskritis,BE,3210,,,4,1000,"1000 kg, 4 ldm,",1100.00,900.00,200.00,LOG 0005889 15 d. 25.06.11,LOG 0005889,15,2025-06-11,TEN24847 45 d. 2025-07-04,TEN24847,45,2025-07-04,E02402,UAB Tenor,UAB Tenor,
2025-086,MB Manto projek..,MB Manto projek,2025-05-18,2025-05-21,LT,,Vilniaus apskritis FR Villiers-l..,FR,,Villiers-l.. - LT Vilniaus apskritis,,13.6,5000,"5000 kg, 13.6 ldm, 5000 kg, 13.6 ldm,",5500.00,5000.00,500.00,LOG 0005892 10 d. 25.06.26,LOG 0005892,10,2025-06-26,BDR 5921 30 d. 0000-00-00,BDR 5921,30,0000-00-00,E02401,UAB ADRO-TRANS..,UAB ADRO-TRANS,
2025-085,UAB Garliavos m..,UAB Garliavos m,2025-05-13,2025-05-14,PL,,Pechcin,LT,,Jonučių k...,,4,4000,"4000 kg, 4 ldm,",430.00,380.00,50.00,LOG 0005884 5 d. 25.06.01,LOG 0005884,5,2025-06-01,LIN03149 30 d. 2025-06-14,LIN03149,30,2025-06-14,E02400,UAB Vilktera..,UAB Vilktera,
2025-084,UAB Solvas,UAB Solvas,2025-05-07,2025-05-12,LT,,Kauno apskritis,BE,3210,,,,35,"35 kg,",400.00,300.00,100.00,LOG 0005889 15 d. 25.06.11,LOG 0005889,15,2025-06-11,IMP20251730 45 d. 2025-07-03,IMP20251730,45,2025-07-03,E02399,Imp-Ex Lietuva..,Imp-Ex Lietuva,
2025-083,Fireball Logist..,Fireball Logist,2025-04-29,2025-05-02,NL,2211,,LT,,Vilniaus apskritis,,10.8,6000,"6000 kg, 10.8 ldm,",1450.00,1300.00,150.00,LOG 0005888 30 d. 25.06.26,LOG 0005888,30,2025-06-26,DRM01787 30 d. 2025-06-04,DRM01787,30,2025-06-04,E02397,UAB DORUMA,UAB DORUMA,
2025-082,G. Fridriko Įmo..,G. Fridriko Įmo,2025-04-28,2025-04-29,LT,,Panevežys,LT,,Klaipėda,,7,2000,"2000 kg, 7 ldm,",190.00,150.00,40.00,LOG 0005887 30 d. 25.06.26,LOG 0005887,30,2025-06-26,VMR - LGLN 25-001 30 d. 2025-05-29,VMR - LGLN 25-001,30,2025-05-29,E02396,"Vaidmarta, UAB..","Vaidmarta, UAB",
2025-081,UAB RM Cargo Ba..,UAB RM Cargo Ba,2025-04-30,2025-05-05,NL,7418,,LT,,Kauno apskritis,5,3.5,600,"5 EP, 600 kg, 3.5 ldm,",530.00,470.00,60.00,LOG 0005886 30 d. 25.06.26,LOG 0005886,30,2025-06-26,DVI0006540 30 d. 2025-06-04,DVI0006540,30,2025-06-04,E02395,"Daigerda, UAB..","Daigerda, UAB",
2025-080,UAB Inovatyvių ..,UAB Inovatyvių,2025-05-02,2025-05-05,LT,,Vydmantai,DE,76530,,,13.6,5000,"5000 kg, 13.6 ldm,",2150.00,1950.00,100.00,LOG 0005885 30 d. 25.06.26,LOG 0005885,30,2025-06-26,TRN2523221 30 d. 2025-06-05,TRN2523221,30,2025-06-05,E02398,UAB Transimeks..,UAB Transimeks,
2025-079,UAB Garliavos m..,UAB Garliavos m,2025-04-29,2025-05-03,NL,4261,,LT,,Jonučių k...,2,0.9,400,"2 EP, 400 kg, 0.9 ldm,",250.00,200.00,50.00,LOG 0005884 5 d. 25.06.01,LOG 0005884,5,2025-06-01,TD4977 30 d. 2025-06-04,TD4977,30,2025-06-04,E02393,"Transdagis, UA..","Transdagis, UA",
2025-078,UAB Resotrans..,UAB Resotrans,2025-04-24,2025-04-28,NL,5928,,LT,,Vilniaus apskritis,4,2.1,900,"4 EP, 900 kg, 2.1 ldm,",400.00,360.00,40.00,LOG 0005883 30 d. 25.06.18,LOG 0005883,30,2025-06-18,AKS0024901 30 d. 2025-05-29,AKS0024901,30,2025-05-29,E02392,UAB Aksola,UAB Aksola,
2025-077,UAB Baltic Solu..,UAB Baltic Solu,2025-04-24,2025-04-28,NL,2211,,LT,,Vilniaus apskritis,,4.6,1700,"1700 kg, 4.6 ldm,",670.00,600.00,70.00,LOG 0005882 30 d. 25.06.18,LOG 0005882,30,2025-06-18,250433038 45 d. 2025-06-14,250433038,45,2025-06-14,E02391,UAB Praimeks..,UAB Praimeks,
2025-076,UAB Solvas,UAB Solvas,2025-04-17,2025-04-22,BE,8520,,LT,,Kauno apskritis,,,65,"65 kg,",200.00,120.00,80.00,LOG 0005880 15 d. 25.05.13,LOG 0005880,15,2025-05-13,DLX-2025 0280 45 d. 2025-07-08,DLX-2025 0280,45,2025-07-08,E02390,UAB Deluxe Spe..,UAB Deluxe Spe,
2025-075,UAB Ergolain pr..,UAB Ergolain pr,2025-04-18,2025-04-23,LT,,Kužiai,NO,0152,,3,,410,"3 EP, 410 kg,",790.00,30.00,210.00,LOG 0005881 15 d. 25.05.13,LOG 0005881,15,2025-05-13,TRP50216 10 d. 2025-05-10,TRP50216,10,2025-05-10,E02388,UAB Tarpa,UAB Tarpa,
2025-074,MB Žali stogai..,MB Žali stogai,2025-04-14,2025-04-15,PL,,04-632,LT,,Vilniaus apskritis,,5.5,9000,"9000 kg, 5.5 ldm,",500.00,400.00,100.00,LOG 0005879 30 d. 25.05.28,LOG 0005879,30,2025-05-28,S2504134 45 d. 2025-06-08,S2504134,45,2025-06-08,E02386,UAB Minitrans..,UAB Minitrans,
2025-073,UAB Solvas,UAB Solvas,2025-04-15,2025-04-18,BE,8520,8870,LT,,Kauno apskritis,,4,1100,"1100 kg, 4 ldm,",1200.00,900.00,300.00,LOG 0005880 15 d. 25.05.13,LOG 0005880,15,2025-05-13,AB000370 45 d. 2025-06-06,AB000370,45,2025-06-06,E02384,Bernota transp..,Bernota transp,
2025-072,UAB Komforto si..,UAB Komforto si,2025-04-09,2025-04-10,EE,,Talinas,LT,,Vilniaus apskritis,,0.8,100,"100 kg, 0.8 ldm,",90.00,70.00,20.00,LOG 0005877 30 d. 25.05.28,LOG 0005877,30,2025-05-28,TI-25040758 30 d. 2025-05-11,TI-25040758,30,2025-05-11,E02383,UAB Terminalit..,UAB Terminalit,
2025-071,UAB Garliavos m..,UAB Garliavos m,2025-04-09,2025-04-11,NL,4261,,LT,,Jonučių k...,6,2.9,1900,"6 EP, 1900 kg, 2.9 ldm,",490.00,440.00,50.00,LOG 0005876 5 d. 25.05.03,LOG 0005876,5,2025-05-03,TR/SF 0022549 45 d. 2025-05-26,TR/SF 0022549,45,2025-05-26,E02382,MB Transkaja..,MB Transkaja,
2025-070,UAB Stesika,UAB Stesika,2025-04-07,2025-04-14,DE,74679,,LT,,Klaipėda,8,,3300,"8 EP, 3300 kg,",550.00,470.00,80.00,LOG 0005878 30 d. 25.05.28,LOG 0005878,30,2025-05-28,MTR0215194 45 d. 2025-06-07,MTR0215194,45,2025-06-07,E02378,M. ČYŽIENĖS IN..,M. ČYŽIENĖS IN,
2025-069,UAB Komforto si..,UAB Komforto si,2025-04-02,2025-04-03,EE,,Talinas,LT,,Vilniaus apskritis,,1.6,200,"200 kg, 1.6 ldm,",110.00,90.00,20.00,LOG 0005877 30 d. 25.05.28,LOG 0005877,30,2025-05-28,TI-25040314 30 d. 2025-05-04,TI-25040314,30,2025-05-04,E02377,UAB Terminalit..,UAB Terminalit,
2025-068,UAB Garliavos m..,UAB Garliavos m,2025-04-01,2025-04-02,PL,,23-250 Urzędów,LT,,Jonučių k...,5,2.5,2500,"5 EP, 2500 kg, 2.5 ldm,",300.00,250.00,50.00,LOG 0005876 5 d. 25.05.03,LOG 0005876,5,2025-05-03,LTR151737 45 d. 2025-06-21,LTR151737,45,2025-06-21,E02376,UAB Transekspe..,UAB Transekspe,
2025-067,UAB Savila,UAB Savila,2025-03-31,2025-04-03,NL,7471,,LT,,Vilniaus apskritis,2,1.7,1100,"2 EP, 1100 kg, 1.7 ldm,",350.00,300.00,50.00,LOG 0005875 45 d. 25.06.12,LOG 0005875,45,2025-06-12,AKS0024753 30 d. 2025-05-05,AKS0024753,30,2025-05-05,E02375,UAB Aksola,UAB Aksola,
2025-066,UAB Barcini,UAB Barcini,2025-03-27,2025-03-31,NL,7391,,LT,,Kauno apskritis,2,,1500,"2 EP, 1500 kg,",210.00,190.00,20.00,LOG 0005872 15 d. 25.04.15,LOG 0005872,15,2025-04-15,ABR100013460 45 d. 2025-05-22,ABR100013460,45,2025-05-22,E02372,UAB Autobrolis..,UAB Autobrolis,
2025-065,VH Produktions ..,VH Produktions,2025-03-28,2025-04-01,LT,,Vydmantai,DE,46459,,2,,300,"2 EP, 300 kg,",370.00,250.00,120.00,LOG 0005874 15 d. 25.05.13,LOG 0005874,15,2025-05-13,2086282 30 d. 2025-04-30,2086282,30,2025-04-30,E02371,UAB Gollner Sp..,UAB Gollner Sp,
2025-064,Lakkbar AS,Lakkbar AS,2025-03-28,2025-03-31,LT,,Vydmantai,NO,,,,1,200,"200 kg, 1 ldm,",450.00,30.00,160.00,LOG 0005867 10 d. 25.04.07,LOG 0005867,10,2025-04-07,TRP50074 10 d. 2025-04-10,TRP50074,10,2025-04-10,E02373,UAB Tarpa,UAB Tarpa,
2025-063,UAB Inovatyvių ..,UAB Inovatyvių,2025-03-25,2025-03-28,LT,,Vydmantai,DE,76530,,,7,3000,"3000 kg, 7 ldm,",2050.00,1800.00,250.00,LOG 0005868 30 d. 25.04.30,LOG 0005868,30,2025-04-30,VIL0007332 45 d. 2025-05-16,VIL0007332,45,2025-05-16,E02369,UAB Vilktera..,UAB Vilktera,
2025-062,MB Žali stogai..,MB Žali stogai,2025-03-25,2025-03-28,DE,73265,,LT,,Kaunas,1,0.4,50,"1 EP, 50 kg, 0.4 ldm,",140.00,100.00,40.00,LOG 0005871 30 d. 25.04.30,LOG 0005871,30,2025-04-30,TR2503/365 45 d. 2025-05-15,TR2503/365,45,2025-05-15,E02368,UAB Transaudra..,UAB Transaudra,
2025-061,MB Manto projek..,MB Manto projek,2025-03-25,2025-03-28,FR,,,LT,,,1,,100,"1 EP, 100 kg,",200.00,150.00,50.00,LOG 0005869 10 d. 25.04.10,LOG 0005869,10,2025-04-10,IMP20251145 45 d. 2025-05-15,IMP20251145,45,2025-05-15,E02367,Imp-Ex Lietuva..,Imp-Ex Lietuva,
2025-060,Virginija Petki..,Virginija Petki,2025-03-24,2025-03-26,DE,27374,,LT,,Pagėgiai,,,200,"200 kg,",370.00,280.00,90.00,LOG 0005866 25.03.27,LOG 0005866,,2025-03-27,25/03-15 30 d. 2025-03-28,25/03-15,30,2025-03-28,E02366,"Woodfenix Lt, ..","Woodfenix Lt,",
2025-059,D. Marcinkeviči..,D. Marcinkeviči,2025-03-26,2025-03-28,CZ,,Kyjov,LT,,Plungė,34,13.6,24000,"34 EP, 24000 kg, 13.6 ldm,",1300.00,1125.00,175.00,LOG 0005870 10 d. 25.04.10,LOG 0005870,10,2025-04-10,BT25/03 22084 45 d. 2025-05-15,BT25/03 22084,45,2025-05-15,E02365,UAB Baltic Tra..,UAB Baltic Tra,
2025-058,UAB Resotrans..,UAB Resotrans,2025-03-20,2025-03-24,NL,5928,,LT,,Vilniaus apskritis,1,0.4,168,"1 EP, 168 kg, 0.4 ldm,",150.00,120.00,30.00,LOG 0005862 30 d. 25.04.26,LOG 0005862,30,2025-04-26,FR25175 30 d. 2025-04-25,FR25175,30,2025-04-25,E02361,"Freitera, UAB..","Freitera, UAB",
2025-057,UAB Gamos proje..,UAB Gamos proje,2025-04-03,2025-04-07,CH,,Geneva,LT,,,,13.6,15000,"15000 kg, 13.6 ldm,",3190.00,2450.00,503.00,LOG 0005873 10 d. 25.04.17,LOG 0005873,10,2025-04-17,TT13177 30 d. 2025-05-09,TT13177,30,2025-05-09,E02358,UAB TOP Transp..,UAB TOP Transp,
2025-056,UAB Gamos proje..,UAB Gamos proje,2025-03-28,2025-03-31,LT,LT-78120,,CH,,Geneva,,13.6,15000,"15000 kg, 13.6 ldm,",3420.00,145.00,433.00,LOG 0005873 10 d. 25.04.17,LOG 0005873,10,2025-04-17,449882 30 d. 2025-05-09,449882,30,2025-05-09,E02379,TGS,TGS,
2025-055,UAB Garliavos m..,UAB Garliavos m,2025-03-24,2025-03-26,NL,7591,,LT,,Jonučių k...,,13.5,22000,"22000 kg, 13.5 ldm,",1500.00,1400.00,100.00,LOG 0005860 5 d. 25.04.01,LOG 0005860,5,2025-04-01,TT4063 45 d. 2025-05-10,TT4063,45,2025-05-10,E02356,"Drivekta, UAB..","Drivekta, UAB",
2025-054,UAB Komforto si..,UAB Komforto si,2025-03-21,2025-03-24,PL,,05-850,LT,,Vilniaus apskritis,7,2.8,1300,"7 EP, 1300 kg, 2.8 ldm,",240.00,210.00,30.00,LOG 0005861 30 d. 25.04.26,LOG 0005861,30,2025-04-26,ROM 22529 30 d. 2025-04-26,ROM 22529,30,2025-04-26,E02364,"Romaris, UAB..","Romaris, UAB",
2025-053,UAB Komforto si..,UAB Komforto si,2025-03-19,2025-03-20,EE,,Talinas,LT,,Vilniaus apskritis,,2.4,200,"200 kg, 2.4 ldm,",150.00,120.00,30.00,LOG 0005861 30 d. 25.04.26,LOG 0005861,30,2025-04-26,TI-25031335 30 d. 2025-04-23,TI-25031335,30,2025-04-23,E02354,UAB Terminalit..,UAB Terminalit,
2025-052,UAB Komforto si..,UAB Komforto si,2025-03-19,2025-03-20,PL,,LESZNO,LT,,Vilniaus apskritis,176,13.6,2500,"176 EP, 2500 kg, 13.6 ldm,",850.00,800.00,50.00,LOG 0005861 30 d. 25.04.26,LOG 0005861,30,2025-04-26,TIM00081969 45 d. 2025-05-10,TIM00081969,45,2025-05-10,E02353,UAB Stolvika..,UAB Stolvika,
2025-051,UAB Garliavos m..,UAB Garliavos m,2025-03-22,2025-03-26,NL,7591,,LT,,Jonučių k...,,13.5,22000,"22000 kg, 13.5 ldm,",1500.00,1400.00,100.00,LOG 0005860 5 d. 25.04.01,LOG 0005860,5,2025-04-01,TRAN 009097 30 d. 2025-04-25,TRAN 009097,30,2025-04-25,E02362,UAB Transgrest..,UAB Transgrest,
2025-050,UAB Inovatyvių ..,UAB Inovatyvių,2025-03-21,2025-03-24,DE,77933,,LT,,Kauno apskritis,1,,375,"1 EP, 375 kg,",370.00,70.00,50.00,LOG 0005868 30 d. 25.04.30,LOG 0005868,30,2025-04-30,TI-25031475 30 d. 2025-04-25,TI-25031475,30,2025-04-25,E02363,UAB Terminalit..,UAB Terminalit,
2025-049,UAB Altos grani..,UAB Altos grani,2025-03-18,2025-03-19,LT,,Ukmerge,LV,,Jelgava,9,6,10200,"9 EP, 10200 kg, 6 ldm,",200.00,180.00,20.00,LOG 0005865 10 d. 25.04.06,LOG 0005865,10,2025-04-06,BT25/03 1584 2 45 d. 2025-05-09,BT25/03 1584 2,45,2025-05-09,E02350,UAB Baltic Tra..,UAB Baltic Tra,
2025-048,MB Manto projek..,MB Manto projek,2025-03-21,2025-03-25,RO,,,LT,,,,,1000,"1000 kg,",1100.00,880.00,220.00,LOG 0005869 10 d. 25.04.10,LOG 0005869,10,2025-04-10,BB250331002 30 d. 2025-04-30,BB250331002,30,2025-04-30,E02349,"BalkanBalt, UA..","BalkanBalt, UA",
2025-047,UAB Inovatyvių ..,UAB Inovatyvių,2025-03-17,2025-03-18,LT,,Vydmantai,DE,12557,,,4,500,"500 kg, 4 ldm,",800.00,700.00,100.00,LOG 0005868 30 d. 25.04.30,LOG 0005868,30,2025-04-30,P20250000163 30 d. 2025-04-24,P20250000163,30,2025-04-24,E02348,UAB Pundas,UAB Pundas,
2025-046,UAB Trans Solut..,UAB Trans Solut,2025-03-10,2025-03-14,NL,5951,,LT,,Baltoji Vo..,10,4,1900,"10 EP, 1900 kg, 4 ldm,",620.00,530.00,90.00,LOG 0005864 30 d. 25.04.26,LOG 0005864,30,2025-04-26,AKS0024607 45 d. 2025-05-02,AKS0024607,45,2025-05-02,E02347,UAB Aksola,UAB Aksola,
2025-045,UAB Inovatyvių ..,UAB Inovatyvių,2025-03-12,2025-03-14,LT,,Vydmantai,DE,12557,,,13.6,7000,"7000 kg, 13.6 ldm,",1400.00,1300.00,100.00,LOG 0005857 30 d. 25.04.16,LOG 0005857,30,2025-04-16,10603 30 d. 2025-04-14,10603,30,2025-04-14,E02346,V. Stonkaus ko..,V. Stonkaus ko,
2025-044,UAB Resotrans..,UAB Resotrans,2025-03-07,2025-03-10,NL,2371,,,,Bareikiske..,6,2.4,2400,"6 EP, 2400 kg, 2.4 ldm,",330.00,280.00,50.00,LOG 0005862 30 d. 25.04.26,LOG 0005862,30,2025-04-26,AT 0200717 30 d. 2025-04-12 AT 0200485 30 d. 2025-04-09,AT 0200717;AT 0200485,30;30,2025-04-12;2025-04-09,E02345,UAB AD REM Tra..,UAB AD REM Tra,
2025-043,G. Fridriko Įmo..,G. Fridriko Įmo,2025-03-06,2025-03-10,DE,37124,,LT,,Klaipėda,6,3.45,1500,"6 EP, 1500 kg, 3.45 ldm,",600.00,520.00,80.00,LOG 0005859 30 d. 25.04.16,LOG 0005859,30,2025-04-16,25EIRIF000506 45 d. 2025-04-28,25EIRIF000506,45,2025-04-28,E02344,UAB EIRIF,UAB EIRIF,
2025-042,UAB Baltic Frei..,UAB Baltic Frei,2025-03-10,2025-03-14,NL,7602,KM,LT,,Skaidiškės,9,5,700,"9 EP, 700 kg, 5 ldm,",750.00,670.00,80.00,LOG 0005863 45 d. 25.05.11,LOG 0005863,45,2025-05-11,AKS0024604 45 d. 2025-05-02,AKS0024604,45,2025-05-02,E02342,UAB Aksola,UAB Aksola,
2025-041,UAB Garliavos m..,UAB Garliavos m,2025-03-07,2025-03-10,DE,26160,,LT,,Jonučių k...,,11,11000,"11000 kg, 11 ldm,",1210.00,1100.00,110.00,LOG 0005860 5 d. 25.04.01,LOG 0005860,5,2025-04-01,TRN2512200 5 d. 2025-04-02,TRN2512200,5,2025-04-02,E02341,UAB Transimeks..,UAB Transimeks,
2025-040,Arūnas Čerkausk..,Arūnas Čerkausk,2025-03-06,2025-03-10,NL,4261,,LT,,Surgučių k..,6,3,4000,"6 EP, 4000 kg, 3 ldm,",480.00,390.00,90.00,LOG 0005858 5 d. 25.03.22,LOG 0005858,5,2025-03-22,FSTS150701 45 d. 2025-04-27,FSTS150701,45,2025-04-27,E02339,UAB FSTS,UAB FSTS,
2025-039,UAB Inovatyvių ..,UAB Inovatyvių,2025-03-05,2025-03-07,LT,,Vydmantai,DE,76530,,,4,1300,"1300 kg, 4 ldm,",1300.00,1100.00,200.00,LOG 0005857 30 d. 25.04.16,LOG 0005857,30,2025-04-16,RED24 10 d. 2025-03-31,RED24,10,2025-03-31,E02338,UAB Redauta..,UAB Redauta,
2025-038,UAB Stesika,UAB Stesika,2025-03-04,2025-03-05,EE,,Talinas Talinas,LT,,Klaipėda - Klaipėda,,1.8,1500,"1500 kg, 1.8 ldm, 3200 kg, 5.2 ldm,",345.00,315.00,30.00,LOG 0005854 30 d. 25.04.05,LOG 0005854,30,2025-04-05,ADS/25/MAR-24 30 d. 2025-04-11,ADS/25/MAR-24,30,2025-04-11,E02336,"ADS Baltic, SI..","ADS Baltic, SI",
2025-037,UAB Barcini,UAB Barcini,2025-02-28,2025-03-03,NL,7471,ST,LT,,Kauno apskritis,,,700,"700 kg,",120.00,105.00,15.00,LOG 0005856 15 d. 25.04.01,LOG 0005856,15,2025-04-01,TRP2056 2025-03-03,TRP2056,,2025-03-03,E02335,UAB Askmeta..,UAB Askmeta,
2025-036,UAB Inovatyvių ..,UAB Inovatyvių,2025-02-28,2025-03-03,DE,10179,,LT,,Vydmantai,,,500,"500 kg,",500.00,350.00,150.00,LOG 0005852 30 d. 25.03.30,LOG 0005852,30,2025-03-30,2518 30 d. 2025-04-02,2518,30,2025-04-02,E02334,Kastytis Trans..,Kastytis Trans,
2025-035,UAB Inovatyvių ..,UAB Inovatyvių,2025-02-25,2025-02-27,LT,,Vydmantai,DE,10179,,,,500,"500 kg,",600.00,450.00,150.00,LOG 0005846 30 d. 25.03.30,LOG 0005846,30,2025-03-30,2518 30 d. 2025-04-02,2518,30,2025-04-02,E02333,Kastytis Trans..,Kastytis Trans,
2025-034,UAB Garliavos m..,UAB Garliavos m,2025-02-25,2025-02-27,DE,26160,,LT,,Jonučių k...,,13.6,15000,"15000 kg, 13.6 ldm,",1320.00,1250.00,70.00,LOG 0005853 5 d. 25.03.05,LOG 0005853,5,2025-03-05,AK25-336 1 d. 2025-03-06,AK25-336,1,2025-03-06,E02332,"AK transport, ..","AK transport,",
2025-033,UAB Barcini,UAB Barcini,2025-02-21,2025-02-24,DE,59494,,LT,,Kauno apskritis,1,0.5,950,"1 EP, 950 kg, 0.5 ldm,",130.00,110.00,20.00,LOG 0005848 15 d. 25.03.15,LOG 0005848,15,2025-03-15,TAA0130470 45 d. 2025-04-12,TAA0130470,45,2025-04-12,E02331,UAB Agrenta..,UAB Agrenta,
2025-032,UAB Komforto si..,UAB Komforto si,2025-02-21,2025-02-26,EE,,Talinas,LT,,Vilniaus apskritis,,2.8,200,"200 kg, 2.8 ldm,",160.00,130.00,30.00,LOG 0005855 30 d. 25.04.16,LOG 0005855,30,2025-04-16,TI-25021655 30 d. 2025-03-30,TI-25021655,30,2025-03-30,E02330,UAB Terminalit..,UAB Terminalit,
2025-031,UAB Agidas,UAB Agidas,2025-02-19,2025-02-24,BE,7700,,LT,,Kauno apskritis,,2,2000,"2000 kg, 2 ldm,",325.00,280.00,45.00,LOG 0005851 45 d. 25.04.14,LOG 0005851,45,2025-04-14,TRK51124 45 d. 2025-04-14,TRK51124,45,2025-04-14,E02329,UAB Treka,UAB Treka,
2025-030,Fireball Logist..,Fireball Logist,2025-02-19,2025-02-24,BE,7822,,LT,,Vilniaus apskritis,,3,1200,"1200 kg, 3 ldm,",470.00,400.00,70.00,LOG 0005850 30 d. 25.03.30,LOG 0005850,30,2025-03-30,TRK51043 45 d. 2025-04-13,TRK51043,45,2025-04-13,E02328,UAB Treka,UAB Treka,
2025-029,UAB Inovatyvių ..,UAB Inovatyvių,2025-02-21,2025-02-24,LT,,Vydmantai,DE,12557,,,4.5,1300,"1300 kg, 4.5 ldm,",880.00,725.00,155.00,LOG 0005846 30 d. 25.03.30,LOG 0005846,30,2025-03-30,GR006794 45 d. 2025-04-09,GR006794,45,2025-04-09,E02327,UAB Global Rou..,UAB Global Rou,
2025-028,UAB Inovatyvių ..,UAB Inovatyvių,2025-02-18,2025-02-20,LT,,Vydmantai,CH,8006,,,,600,"600 kg,",1540.00,30.00,310.00,LOG 0005847 30 d. 25.03.30,LOG 0005847,30,2025-03-30,TRP49956 15 d. 2025-02-21,TRP49956,15,2025-02-21,E02340,UAB Tarpa,UAB Tarpa,
2025-027,UAB Gamos proje..,UAB Gamos proje,2025-02-17,2025-02-18,LT,LT-78120,,LT,,Vilniaus apskritis,,,1000,"1000 kg,",200.00,120.00,80.00,LOG 0005849 10 d. 25.03.10,LOG 0005849,10,2025-03-10,I25 0119 45 d. 2025-04-06,I25 0119,45,2025-04-06,E02325,UAB Marbusas..,UAB Marbusas,
2025-026,UAB Barcini,UAB Barcini,2025-02-14,2025-02-17,NL,7391,,LT,,Kauno apskritis,2,1.2,1200,"2 EP, 1200 kg, 1.2 ldm,",190.00,170.00,20.00,LOG 0005848 15 d. 25.03.15,LOG 0005848,15,2025-03-15,RS568619 45 d. 2025-04-05,RS568619,45,2025-04-05,E02324,UAB Rhenus Log..,UAB Rhenus Log,
2025-025,UAB Savila,UAB Savila,2025-02-13,2025-02-17,NL,7471,,LT,,Vilniaus apskritis,2,2,1400,"2 EP, 1400 kg, 2 ldm,",350.00,270.00,80.00,LOG 0005845 45 d. 25.04.07,LOG 0005845,45,2025-04-07,IMP20250484 45 d. 2025-04-03,IMP20250484,45,2025-04-03,E02323,Imp-Ex Lietuva..,Imp-Ex Lietuva,
2025-024,UAB Inovatyvių ..,UAB Inovatyvių,2025-02-17,2025-02-19,LT,,Vydmantai,DE,12557,,,13.6,7000,"7000 kg, 13.6 ldm,",1500.00,1400.00,100.00,LOG 0005846 30 d. 25.03.30,LOG 0005846,30,2025-03-30,10575 30 d. 2025-03-21,10575,30,2025-03-21,E02322,V. Stonkaus ko..,V. Stonkaus ko,
2025-023,UAB Komforto si..,UAB Komforto si,2025-02-11,2025-02-12,EE,,Talinas,LT,,Vilniaus apskritis,,1.6,200,"200 kg, 1.6 ldm,",110.00,90.00,20.00,LOG 0005844 30 d. 25.03.23,LOG 0005844,30,2025-03-23,TI-25020580 30 d. 2025-03-16,TI-25020580,30,2025-03-16,E02320,UAB Terminalit..,UAB Terminalit,
2025-022,UAB Inovatyvių ..,UAB Inovatyvių,2025-02-11,2025-02-11,LT,,Vydmantai Kauno apskritis,LT,,Kauno apskritis - Hamburgas,1,0.6,80,"1 EP, 80 kg, 0.6 ldm,",200.00,130.00,30.00,LOG 0005846 30 d. 25.03.30,LOG 0005846,30,2025-03-30,PRD8195 30 d. 2025-03-23,PRD8195,30,2025-03-23,E02321,MB Purida,MB Purida,
2025-021,UAB Stesika,UAB Stesika,2025-02-05,2025-02-10,DE,74679,,LT,,Klaipėda,11,,4400,"11 EP, 4400 kg,",750.00,650.00,100.00,LOG 0005842 30 d. 25.03.13,LOG 0005842,30,2025-03-13,DUB25001322 40 d. 2025-03-23,DUB25001322,40,2025-03-23,E02317,"Dubras, IĮ..","Dubras, IĮ",
2025-020,UAB RM Cargo Ba..,UAB RM Cargo Ba,2025-02-06,2025-02-10,NL,7418,,LT,,Kauno apskritis,5,3.5,600,"5 EP, 600 kg, 3.5 ldm,",530.00,430.00,100.00,LOG 0005843 30 d. 25.03.23,LOG 0005843,30,2025-03-23,AN12005 45 d. 2025-04-04,AN12005,45,2025-04-04,E02316,UAB Autonivera..,UAB Autonivera,
2025-019,Fireball Logist..,Fireball Logist,2025-01-31,2025-02-03,BE,2030,,LT,,Vilniaus apskritis,17,6.8,11355,"17 EP, 11355 kg, 6.8 ldm,",900.00,850.00,50.00,LOG 0005841 30 d. 25.03.09,LOG 0005841,30,2025-03-09,ACUS45523 45 d. 2025-03-21,ACUS45523,45,2025-03-21,E02315,UAB Acurita..,UAB Acurita,
2025-018,UAB Resotrans..,UAB Resotrans,2025-01-28,2025-01-31,NL,5928,,LT,,Vilniaus apskritis,1,0.4,200,"1 EP, 200 kg, 0.4 ldm,",140.00,110.00,30.00,LOG 0005836 30 d. 25.03.02,LOG 0005836,30,2025-03-02,25/620 45 d. 2025-03-20,25/620,45,2025-03-20,E02314,Weffer UAB,Weffer UAB,
2025-017,UAB Resotrans..,UAB Resotrans,2025-01-28,2025-01-30,NL,5928,,LT,,Vilniaus apskritis,1,0.8,,"1 EP, 0.8 ldm,",200.00,180.00,20.00,LOG 0005836 30 d. 25.03.02,LOG 0005836,30,2025-03-02,ABR100012621 45 d. 2025-03-17,ABR100012621,45,2025-03-17,E02312,UAB Autobrolis..,UAB Autobrolis,
2025-016,UAB Komforto si..,UAB Komforto si,2025-01-30,2025-02-03,NL,7575,EE,LT,,Vilniaus apskritis,12,5.1,1800,"12 EP, 1800 kg, 5.1 ldm,",650.00,590.00,60.00,LOG 0005840 30 d. 25.03.09,LOG 0005840,30,2025-03-09,NES 000043 5 d. 2025-02-09,NES 000043,5,2025-02-09,E02313,UAB Logoteka..,UAB Logoteka,
2025-015,UAB Eksea,UAB Eksea,2025-01-28,2025-01-31,NL,5048,,LT,,Kėdainiai,17,6.8,3300,"17 EP, 3300 kg, 6.8 ldm,",900.00,780.00,120.00,LOG 0005837 40 d. 25.03.12,LOG 0005837,40,2025-03-12,NTG202502613 45 d. 2025-03-21,NTG202502613,45,2025-03-21,E02311,UAB NTG Lithua..,UAB NTG Lithua,
2025-014,G. Fridriko Įmo..,G. Fridriko Įmo,2025-01-29,2025-01-31,DE,06116,,LT,,Klaipėda,,11,5000,"5000 kg, 11 ldm,",1300.00,1200.00,100.00,LOG 0005835 30 d. 25.03.02,LOG 0005835,30,2025-03-02,PTT05924 45 d. 2025-03-17,PTT05924,45,2025-03-17,E02310,Tilviko transp..,Tilviko transp,
2025-013,Fireball Logist..,Fireball Logist,2025-01-27,2025-01-31,NL,6081,,LT,,Vilniaus apskritis,5,2,800,"5 EP, 800 kg, 2 ldm,",370.00,290.00,80.00,LOG 0005839 30 d. 25.03.02,LOG 0005839,30,2025-03-02,AKS0024340 45 d. 2025-03-23,AKS0024340,45,2025-03-23,E02308,UAB Aksola,UAB Aksola,
2025-011,G. Fridriko Įmo..,G. Fridriko Įmo,2025-01-24,2025-01-27,NL,5928,,LT,,Klaipėda,,,3000,"3000 kg,",1300.00,1150.00,150.00,LOG 0005835 30 d. 25.03.02,LOG 0005835,30,2025-03-02,38624 30 d. 2025-02-27,38624,30,2025-02-27,E02306,"Cargoflex, SIA..","Cargoflex, SIA",
2025-010,UAB Garliavos m..,UAB Garliavos m,2025-01-21,2025-01-24,PL,,Gdow,LT,,Kauno apskritis,3,1.4,600,"3 EP, 600 kg, 1.4 ldm,",180.00,140.00,40.00,LOG 0005832 5 d. 25.02.01,LOG 0005832,5,2025-02-01,PL000051601 45 d. 2025-03-13,PL000051601,45,2025-03-13,E02305,"Nėgė, UAB..","Nėgė, UAB",
2025-009,UAB Baltic Frei..,UAB Baltic Frei,2025-01-23,2025-01-27,NL,7602,KM,LT,,Skaidiškės,9,5,1000,"9 EP, 1000 kg, 5 ldm,",750.00,670.00,80.00,LOG 0005834 45 d. 25.03.17,LOG 0005834,45,2025-03-17,TR/SF0021528 45 d. 2025-03-14,TR/SF0021528,45,2025-03-14,E02304,MB Transkaja..,MB Transkaja,
2025-008,UAB Inovatyvių ..,UAB Inovatyvių,2025-01-21,2025-01-24,NL,5145,NP,LT,,Kauno apskritis,,2.8,1600,"1600 kg, 2.8 ldm,",600.00,140.00,100.00,LOG 0005838 30 d. 25.03.02,LOG 0005838,30,2025-03-02,OET25 00178 45 d. 2025-03-23,OET25 00178,45,2025-03-23,E02303,UAB Ogtransa..,UAB Ogtransa,
2025-007,UAB Baltic Solu..,UAB Baltic Solu,2025-01-21,2025-01-24,NL,2211,,LT,,Vilniaus apskritis,,6,3600,"3600 kg, 6 ldm,",800.00,700.00,100.00,LOG 0005831 30 d. 25.02.26,LOG 0005831,30,2025-02-26,VIL25/246 45 d. 2025-03-13,VIL25/246,45,2025-03-13,E02301,UAB Vilmaris..,UAB Vilmaris,
2025-006,UAB Komforto si..,UAB Komforto si,2025-01-17,2025-01-21,EE,,Talinas,LT,,Vilniaus apskritis,,1.6,150,"150 kg, 1.6 ldm,",110.00,90.00,20.00,LOG 0005830 5 d. 25.02.01,LOG 0005830,5,2025-02-01,TI-25010913 30 d. 2025-02-21,TI-25010913,30,2025-02-21,E02300,UAB Terminalit..,UAB Terminalit,
2025-005,UAB Garliavos m..,UAB Garliavos m,2025-01-17,2025-01-22,NL,7532,,LT,,Kauno apskritis,,0.8,509,"509 kg, 0.8 ldm,",180.00,150.00,30.00,LOG 0005833 5 d. 25.02.05,LOG 0005833,5,2025-02-05,TT016078 30 d. 2025-02-28,TT016078,30,2025-02-28,E02299,UAB Translandi..,UAB Translandi,
2025-004,UAB Stesika,UAB Stesika,2025-01-16,2025-01-17,EE,,Talinas Talinas,LT,,Klaipėda - Klaipėda,,1.8,1400,"1400 kg, 1.8 ldm, 2900 kg, 4.4 ldm,",360.00,300.00,60.00,LOG 0005826 30 d. 25.02.19,LOG 0005826,30,2025-02-19,DSI7368 30 d. 2025-02-16,DSI7368,30,2025-02-16,E02298,UAB DSI,UAB DSI,
2025-003,UAB Trans Solut..,UAB Trans Solut,2025-01-15,2025-01-20,NL,7071,,LT,,Baltoji Vo..,,5.9,3000,"3000 kg, 5.9 ldm,",800.00,700.00,100.00,LOG 0005829 30 d. 25.02.26,LOG 0005829,30,2025-02-26,DOB2025/1363 45 d. 2025-03-08,DOB2025/1363,45,2025-03-08,E02297,"DOB Transport,..","DOB Transport,",
2025-002,UAB Inovatyvių ..,UAB Inovatyvių,2025-01-13,2025-01-15,LT,,Vydmantai,DE,77704,,,,1300,"1300 kg,",1300.00,1000.00,300.00,LOG 0005828 30 d. 25.02.26,LOG 0005828,30,2025-02-26,ATLA 18 7 d. 2025-01-23,ATLA 18,7,2025-01-23,E02295,"Atlantra, UAB..","Atlantra, UAB",
2025-001,VH Produktions ..,VH Produktions,2025-01-10,2025-01-14,LT,,Vydmantai,DE,46459,,,,750,"750 kg,",350.00,210.00,140.00,LOG 0005827 15 d. 25.02.11,LOG 0005827,15,2025-02-11,GOL2084898 30 d. 2025-02-13,GOL2084898,30,2025-02-13,E02294,UAB Gollner Sp..,UAB Gollner Sp,
2024-780,UAB Aksola,UAB Aksola,2024-12-09,2024-12-13,NL,8239,,LT,,Vilniaus apskritis,,,,,480.00,456.39,23.61,LOG 0005825 45 d. 25.02.02,LOG 0005825,45,2025-02-02,ULS 24281 45 d. 2025-02-02,ULS 24281,45,2025-02-02,E02292,UAB Uliss MEZ665 RF186,UAB Uliss MEZ665 RF186,info@aksola
2024-779,UAB Aksola,UAB Aksola,2024-12-09,2024-12-13,NL,5223,,LT,,Vilniaus apskritis,,,,,200.00,190.16,9.84,LOG 0005824 45 d. 25.02.02,LOG 0005824,45,2025-02-02,ULS 24281 45 d. 2025-02-02,ULS 24281,45,2025-02-02,E02292,UAB Uliss MEZ665 RF186,UAB Uliss MEZ665 RF186,info@aksola.lt
2024-778,"Flexlog, SIA","Flexlog, SIA",2024-12-10,2024-12-17,NL,3903,,LT,,Vilniaus apskritis,,,,,210.00,161.64,14.36,LOG 0005823 45 d. 25.02.02,LOG 0005823,45,2025-02-02,ULS 24281 45 d. 2025-02-02,ULS 24281,45,2025-02-02,E02292,UAB Uliss MEZ665 RF186,UAB Uliss MEZ665 RF186,maris@flexlog.lv
2024-777,UAB Praimeks,UAB Praimeks,2024-12-10,2024-12-16,NL,1047,,LT,,Vilniaus apskritis,,,,,300.00,285.25,14.75,LOG 0005822 45 d. 25.02.02,LOG 0005822,45,2025-02-02,ULS 24281 45 d. 2025-02-02,ULS 24281,45,2025-02-02,E02292,UAB Uliss MEZ665 RF186,UAB Uliss MEZ665 RF186,andrejus@
2024-776,"Profmaris, UAB..","Profmaris, UAB",2024-12-09,2024-12-13,NL,2132,,LT,,Kauno apskritis,,,,,720.00,684.59,35.41,LOG 0005821 30 d. 25.01.18,LOG 0005821,30,2025-01-18,ULS 24281 45 d. 2025-02-02,ULS 24281,45,2025-02-02,E02292,UAB Uliss MEZ665 RF186,UAB Uliss MEZ665 RF186,info@profmaris.lt
2024-775,UAB Treka,UAB Treka,2024-12-06,2024-12-13,NL,1329,,LT,,Kauno apskritis,,,,,265.00,251.97,13.03,LOG 0005820 45 d. 25.02.02,LOG 0005820,45,2025-02-02,ULS 24281 45 d. 2025-02-02,ULS 24281,45,2025-02-02,E02292,UAB Uliss MEZ665 RF186,UAB Uliss MEZ665 RF186,apskaita@
2024-774,UAB Delamode Ba..,UAB Delamode Ba,2024-12-10,2024-12-10,LT,,Vilniaus apskritis,LT,,Klaipėda,,,,,280.00,240.00,40.00,LOG 0005818 60 d. 25.02.14,LOG 0005818,60,2025-02-14,ULS 24278 45 d. 2025-01-30,ULS 24278,45,2025-01-30,E02290,UAB Uliss MEZ683 RF186,UAB Uliss MEZ683 RF186,invoicing.lt@
2024-773,UAB EASTING EXP..,UAB EASTING EXP,2024-12-05,2024-12-09,NL,3888,,LT,,Vilniaus apskritis,,,,,450.00,340.34,109.66,LOG 0005817 30 d. 25.01.15,LOG 0005817,30,2025-01-15,ULS 24278 45 d. 2025-01-30 ULS 24278 45 d. 2025-01-30,ULS 24278;ULS 24278,45;45,2025-01-30;2025-01-30,E02289,UAB Uliss MEZ683 RF186,UAB Uliss MEZ683 RF186,invoice@easting.lt
2024-772,Fireball Logist..,Fireball Logist,2024-12-06,2024-12-09,NL,6984,,LT,,Vilniaus apskritis,,,,,300.00,226.89,73.11,LOG 0005816 30 d. 25.01.15,LOG 0005816,30,2025-01-15,ULS 24278 45 d. 2025-01-30 ULS 24278 45 d. 2025-01-30,ULS 24278;ULS 24278,45;45,2025-01-30;2025-01-30,E02289,UAB Uliss MEZ683 RF186,UAB Uliss MEZ683 RF186,"jonas@fireball.lt, invoice@ sales@"
2024-771,SIA MX Transpor..,SIA MX Transpor,2024-12-05,2024-12-10,NL,4004,,LT,,Vilniaus apskritis,,,,,290.00,219.33,70.67,LOG 0005815 45 d. 25.01.30,LOG 0005815,45,2025-01-30,ULS 24278 45 d. 2025-01-30 ULS 24278 45 d. 2025-01-30,ULS 24278;ULS 24278,45;45,2025-01-30;2025-01-30,E02289,UAB Uliss MEZ683 RF186,UAB Uliss MEZ683 RF186,"toms@mxtransport.lv, info@"
2024-770,SIA Rix,SIA Rix,2024-12-05,2024-12-09,NL,5047,,LT,,Kauno apskritis,,,,,200.00,151.26,48.74,LOG 0005814 30 d. 25.01.15,LOG 0005814,30,2025-01-15,ULS 24278 45 d. 2025-01-30 ULS 24278 45 d. 2025-01-30,ULS 24278;ULS 24278,45;45,2025-01-30;2025-01-30,E02289,UAB Uliss MEZ683 RF186,UAB Uliss MEZ683 RF186,am@rix.lv
2024-769,UAB Hermitrans..,UAB Hermitrans,2024-12-05,2024-12-09,NL,5047,,LT,,Širvintos,,,,,530.00,400.84,129.16,LOG 0005813 45 d. 25.01.30,LOG 0005813,45,2025-01-30,ULS 24278 45 d. 2025-01-30 ULS 24278 45 d. 2025-01-30,ULS 24278;ULS 24278,45;45,2025-01-30;2025-01-30,E02289,UAB Uliss MEZ683 RF186,UAB Uliss MEZ683 RF186,invoice@hermitrans.lt
2024-768,UAB AD REM Tran..,UAB AD REM Tran,2024-12-05,2024-12-09,BE,2430,,LT,,Vilniaus apskritis,,,,,610.00,461.34,148.66,LOG 0005812 30 d. 25.01.15,LOG 0005812,30,2025-01-15,ULS 24278 45 d. 2025-01-30 ULS 24278 45 d. 2025-01-30,ULS 24278;ULS 24278,45;45,2025-01-30;2025-01-30,E02289,UAB Uliss MEZ683 RF186,UAB Uliss MEZ683 RF186,i sistema
2024-766,UAB Treka,UAB Treka,2024-12-03,2024-12-06,NL,3401,,LT,,Kauno apskritis,,,,,315.00,244.92,70.08,LOG 0005811 45 d. 25.01.23,LOG 0005811,45,2025-01-23,ULS 24277 45 d. 2025-01-30,ULS 24277,45,2025-01-30,E02287,UAB Uliss MLM479 RN864,UAB Uliss MLM479 RN864,apskaita@ olandija@
2024-765,"Ingstad & CO, U..","Ingstad & CO, U",2024-12-03,2024-12-09,NL,2411,,LT,,Klaipėda,,,,,330.00,256.59,73.41,LOG 0005810 30 d. 25.01.08,LOG 0005810,30,2025-01-08,ULS 24277 45 d. 2025-01-30,ULS 24277,45,2025-01-30,E02287,UAB Uliss MLM479 RN864,UAB Uliss MLM479 RN864,karolina@ingstad.lt
2024-764,UAB AD REM Tran..,UAB AD REM Tran,2024-12-03,2024-12-06,NL,2910,,LT,,Vilniaus apskritis,,,,,390.00,303.24,86.76,LOG 0005809 30 d. 25.01.08,LOG 0005809,30,2025-01-08,ULS 24277 45 d. 2025-01-30,ULS 24277,45,2025-01-30,E02287,UAB Uliss MLM479 RN864,UAB Uliss MLM479 RN864,per puslapi
2024-763,"Steka, UAB","Steka, UAB",2024-12-03,2024-12-06,BE,2370,,LT,,Vilniaus apskritis,,,,,400.00,311.02,88.98,LOG 0005808 30 d. 25.01.08,LOG 0005808,30,2025-01-08,ULS 24277 45 d. 2025-01-30,ULS 24277,45,2025-01-30,E02287,UAB Uliss MLM479 RN864,UAB Uliss MLM479 RN864,kostas@steka.lt
2024-762,UAB Delamode Ba..,UAB Delamode Ba,2024-12-02,2024-12-05,NL,6075,,LT,,Kauno apskritis,,,,,360.00,279.91,80.09,LOG 0005807 60 d. 25.02.07,LOG 0005807,60,2025-02-07,ULS 24277 45 d. 2025-01-30,ULS 24277,45,2025-01-30,E02287,UAB Uliss MLM479 RN864,UAB Uliss MLM479 RN864,invoicing.lt@
2024-761,UAB Treka,UAB Treka,2024-12-02,2024-12-06,NL,5928,,LT,,Kauno apskritis,,,,,280.00,217.71,62.29,LOG 0005806 45 d. 25.01.23,LOG 0005806,45,2025-01-23,ULS 24277 45 d. 2025-01-30,ULS 24277,45,2025-01-30,E02287,UAB Uliss MLM479 RN864,UAB Uliss MLM479 RN864,apskaita@
2024-760,UAB Continexus..,UAB Continexus,2024-12-02,2024-12-06,NL,5406,,LT,,Vilniaus apskritis,3,,,"3 EP,",240.00,186.61,53.39,LOG 0005805 60 d. 25.02.07,LOG 0005805,60,2025-02-07,ULS 24277 45 d. 2025-01-30,ULS 24277,45,2025-01-30,E02287,UAB Uliss MLM479 RN864,UAB Uliss MLM479 RN864,cmr.invoice EXN_R182403
2024-759,UAB Ergolain pr..,UAB Ergolain pr,2024-12-10,2024-12-12,LT,,Kužiai,NO,,Oslo,,13.6,15000,"15000 kg, 13.6 ldm,",2440.00,30.00,310.00,LOG 0005819 15 d. 24.12.31,LOG 0005819,15,2024-12-31,,,,,E02291,UAB Tarpa,UAB Tarpa,
2024-758,UAB Skatra,UAB Skatra,2024-12-03,2024-12-03,LT,,Kauno apskritis,LT,,Taurage,,,,,180.00,180.00,,LOG 0005804 30 d. 25.01.05,LOG 0005804,30,2025-01-05,ULS 24271 45 d. 2025-01-23,ULS 24271,45,2025-01-23,E02285,UAB Uliss MEZ665 RF186,UAB Uliss MEZ665 RF186,info@skatra.lt
2024-757,UAB Kuehne + Na..,UAB Kuehne + Na,2024-11-29,2024-12-03,NL,6121,,LT,,Vilniaus apskritis,,,,,1300.00,1058.82,241.18,LOG 0005803 30 d. 25.01.05,LOG 0005803,30,2025-01-05,ULS 24271 45 d. 2025-01-23 ULS 24271 45 d. 2025-01-23,ULS 24271;ULS 24271,45;45,2025-01-23;2025-01-23,E02284,UAB Uliss MEZ665 RF186,UAB Uliss MEZ665 RF186,kestutis.lekavicius
2024-756,UAB Resotrans..,UAB Resotrans,2024-11-28,2024-12-03,NL,5928,,LT,,Vilniaus apskritis,,,,,160.00,130.32,29.68,LOG 0005802 30 d. 25.01.05,LOG 0005802,30,2025-01-05,ULS 24271 45 d. 2025-01-23 ULS 24271 45 d. 2025-01-23,ULS 24271;ULS 24271,45;45,2025-01-23;2025-01-23,E02284,UAB Uliss MEZ665 RF186,UAB Uliss MEZ665 RF186,olga@resotrans.lt
2024-755,UAB Tranzito pa..,UAB Tranzito pa,2024-11-28,2024-12-02,NL,5975,5928,LT,,Kauno apskritis - Kauno apskritis,,,,,400.00,325.79,74.21,LOG 0005801 30 d. 25.01.05,LOG 0005801,30,2025-01-05,ULS 24271 45 d. 2025-01-23 ULS 24271 45 d. 2025-01-23,ULS 24271;ULS 24271,45;45,2025-01-23;2025-01-23,E02284,UAB Uliss MEZ665 RF186,UAB Uliss MEZ665 RF186,"kl4@tpc.eu, klaipeda@logitra.lt, tpc@tpc.eu"
2024-754,UAB Acurita,UAB Acurita,2024-11-28,2024-12-02,NL,5932,,LT,,Vilniaus apskritis,,,,,350.00,285.07,64.93,LOG 0005800 45 d. 25.01.20,LOG 0005800,45,2025-01-20,ULS 24271 45 d. 2025-01-23 ULS 24271 45 d. 2025-01-23,ULS 24271;ULS 24271,45;45,2025-01-23;2025-01-23,E02284,UAB Uliss MEZ665 RF186,UAB Uliss MEZ665 RF186,ltl2
2024-753,UAB Delamode Ba..,UAB Delamode Ba,2024-11-29,2024-11-29,LT,,Vilniaus apskritis,,,Gargždai,,,,,280.00,240.00,40.00,LOG 0005794 60 d. 25.01.28,LOG 0005794,60,2025-01-28,ULS 24265 45 d. 2025-01-17,ULS 24265,45,2025-01-17,E02282,UAB Uliss MEZ683 RF186,UAB Uliss MEZ683 RF186,invoicing.lt@
2024-752,"Shippy, MB","Shippy, MB",2024-11-26,2024-11-26,LT,,Kauno apskritis,LT,,Taurage,,,,,250.00,220.00,30.00,LOG 0005787 30 d. 24.12.29,LOG 0005787,30,2024-12-29,ULS 24264 45 d. 2025-01-13,ULS 24264,45,2025-01-13,E02281,UAB Uliss MLM479 RN864,UAB Uliss MLM479 RN864,arvydas@shippy.lt
2024-751,UAB Stesika,UAB Stesika,2024-11-29,2024-12-02,LT,,Klaipėda,EE,10313,,,4.3,3800,"3800 kg, 4.3 ldm,",370.00,300.00,70.00,LOG 0005798 30 d. 25.01.01,LOG 0005798,30,2025-01-01,2024/LGL01-VV 30 d. 2025-01-05,2024/LGL01-VV,30,2025-01-05,E02280,SIA Vitna,SIA Vitna,
2024-750,UAB Nepola,UAB Nepola,2024-11-25,2024-11-29,NL,7559,,LT,,Kauno apskritis,,,,,180.00,150.28,29.72,LOG 0005793 30 d. 24.12.29,LOG 0005793,30,2024-12-29,ULS 24265 45 d. 2025-01-17,ULS 24265,45,2025-01-17,E02279,UAB Uliss MEZ683 RF186,UAB Uliss MEZ683 RF186,info@nepola.lt
2024-749,"PW Group, UAB..","PW Group, UAB",2024-11-26,2024-11-29,NL,7418,,LT,,Vilniaus apskritis,,,,,120.00,100.18,19.82,LOG 0005792 30 d. 24.12.29,LOG 0005792,30,2024-12-29,ULS 24265 45 d. 2025-01-17,ULS 24265,45,2025-01-17,E02279,UAB Uliss MEZ683 RF186,UAB Uliss MEZ683 RF186,"info@pwgroup.lt, agnieska@"
2024-748,UAB Acurita,UAB Acurita,2024-11-26,2024-11-29,NL,3852,,LT,,Vilniaus apskritis,,,,,200.00,166.97,33.03,LOG 0005791 45 d. 25.01.13,LOG 0005791,45,2025-01-13,ULS 24265 45 d. 2025-01-17,ULS 24265,45,2025-01-17,E02279,UAB Uliss MEZ683 RF186,UAB Uliss MEZ683 RF186,ltl2
2024-747,UAB Ana,UAB Ana,2024-11-26,2024-11-29,NL,1329,,LT,,Vilniaus apskritis,,,,,400.00,333.94,66.06,LOG 0005790 30 d. 24.12.29,LOG 0005790,30,2024-12-29,ULS 24265 45 d. 2025-01-17,ULS 24265,45,2025-01-17,E02279,UAB Uliss MEZ683 RF186,UAB Uliss MEZ683 RF186,"info@anatrans.lt, sm@anatrans.lt"
2024-746,UAB Tomeka,UAB Tomeka,2024-11-26,2024-11-29,NL,5466,,LT,,Vilniaus apskritis,,,,,630.00,525.96,104.04,LOG 0005789 30 d. 24.12.29,LOG 0005789,30,2024-12-29,ULS 24265 45 d. 2025-01-17,ULS 24265,45,2025-01-17,E02279,UAB Uliss MEZ683 RF186,UAB Uliss MEZ683 RF186,info.tomeka@gmail.com
2024-745,UAB Arijus,UAB Arijus,2024-11-25,2024-11-28,NL,6045,,LT,,Marijampolė,,,,,650.00,542.66,107.34,LOG 0005788 30 d. 24.12.29,LOG 0005788,30,2024-12-29,ULS 24265 45 d. 2025-01-17,ULS 24265,45,2025-01-17,E02279,UAB Uliss MEZ683 RF186,UAB Uliss MEZ683 RF186,"ftl@arijus.lt,"
2024-744,UAB Treka,UAB Treka,2024-11-20,2024-11-25,NL,5975,,LT,,Vilniaus apskritis,,,,,300.00,245.70,54.30,LOG 0005786 45 d. 25.01.13,LOG 0005786,45,2025-01-13,ULS 24264 45 d. 2025-01-13 ULS 24264 45 d. 2025-01-13,ULS 24264;ULS 24264,45;45,2025-01-13;2025-01-13,E02278,UAB Uliss MLM479 RN864,UAB Uliss MLM479 RN864,apskaita@treka.lt
2024-743,Associated Carg..,Associated Carg,2024-11-21,2024-11-25,NL,5975,,LT,,Vilniaus apskritis,,,,,600.00,491.40,108.60,LOG 0005785 45 d. 25.01.13,LOG 0005785,45,2025-01-13,ULS 24264 45 d. 2025-01-13 ULS 24264 45 d. 2025-01-13,ULS 24264;ULS 24264,45;45,2025-01-13;2025-01-13,E02278,UAB Uliss MLM479 RN864,UAB Uliss MLM479 RN864,apskaita@cargoexperts.lt
2024-742,UAB Transeksped..,UAB Transeksped,2024-11-21,2024-11-25,NL,5928,,LT,,Vilniaus apskritis,,,,,260.00,212.94,47.06,LOG 0005784 45 d. 25.01.13,LOG 0005784,45,2025-01-13,ULS 24264 45 d. 2025-01-13 ULS 24264 45 d. 2025-01-13,ULS 24264;ULS 24264,45;45,2025-01-13;2025-01-13,E02278,UAB Uliss MLM479 RN864,UAB Uliss MLM479 RN864,invoices@
2024-741,UAB Transeksped..,UAB Transeksped,2024-11-13,2024-11-18,NL,1329,,LT,,Vilniaus apskritis,,,,,550.00,475.96,74.04,LOG 0005782 45 d. 25.01.13,LOG 0005782,45,2025-01-13,ULS 24263 45 d. 2025-01-13,ULS 24263,45,2025-01-13,E02277,UAB Uliss MEZ683 RF186,UAB Uliss MEZ683 RF186,invoices@
2024-740,Arans Freight U..,Arans Freight U,2024-11-12,2024-11-15,NL,3274,,LT,,Vilniaus apskritis,,,,,260.00,225.00,35.00,LOG 0005781 45 d. 25.01.13,LOG 0005781,45,2025-01-13,ULS 24263 45 d. 2025-01-13,ULS 24263,45,2025-01-13,E02277,UAB Uliss MEZ683 RF186,UAB Uliss MEZ683 RF186,arturas
2024-739,"Kepis, UAB","Kepis, UAB",2024-11-12,2024-11-15,NL,2984,,LT,,Vilniaus apskritis,,,,,950.00,822.12,127.88,LOG 0005780 30 d. 24.12.29,LOG 0005780,30,2024-12-29,ULS 24263 45 d. 2025-01-13,ULS 24263,45,2025-01-13,E02277,UAB Uliss MEZ683 RF186,UAB Uliss MEZ683 RF186,trans@kepis.lt
2024-738,Weffer UAB,Weffer UAB,2024-11-12,2024-11-15,NL,5047,,LT,,Kauno apskritis,,,,,320.00,276.92,43.08,LOG 0005779 45 d. 25.01.13,LOG 0005779,45,2025-01-13,ULS 24263 45 d. 2025-01-13,ULS 24263,45,2025-01-13,E02277,UAB Uliss MEZ683 RF186,UAB Uliss MEZ683 RF186,invoice@weffer.lt
2024-737,UAB Axis Transp..,UAB Axis Transp,2024-11-22,2024-11-26,DE,47533,,LT,,Klaipedos,,,,,800.00,694.74,105.26,LOG 0005778 45 d. 25.01.11,LOG 0005778,45,2025-01-11,ULS 24261 45 d. 2025-01-13,ULS 24261,45,2025-01-13,E02276,UAB Uliss MAM790 OR251,UAB Uliss MAM790 OR251,invoices@axistransport.lt
2024-736,"Savila, UAB","Savila, UAB",2024-11-22,2024-11-26,NL,7471,,LT,,Vilniaus apskritis,,,,,370.00,321.32,48.68,LOG 0005777 30 d. 24.12.27,LOG 0005777,30,2024-12-27,ULS 24261 45 d. 2025-01-13,ULS 24261,45,2025-01-13,E02276,UAB Uliss MAM790 OR251,UAB Uliss MAM790 OR251,elena@
2024-735,UAB Rhenus Logi..,UAB Rhenus Logi,2024-11-22,2024-11-26,NL,7468,,LT,,Kauno apskritis,,,,,420.00,364.74,55.26,LOG 0005776 45 d. 25.01.11,LOG 0005776,45,2025-01-11,ULS 24261 45 d. 2025-01-13,ULS 24261,45,2025-01-13,E02276,UAB Uliss MAM790 OR251,UAB Uliss MAM790 OR251,"nerijus.matelis@, invoice.TRN-lt@"
2024-734,UAB Continexus..,UAB Continexus,2024-11-21,2024-11-26,NL,7235,7471,LT,,Vilniaus apskritis - Kauno apskritis,,,,,370.00,321.32,48.68,LOG 0005775 60 d. 25.01.26,LOG 0005775,60,2025-01-26,ULS 24261 45 d. 2025-01-13,ULS 24261,45,2025-01-13,E02276,UAB Uliss MAM790 OR251,UAB Uliss MAM790 OR251,"invoicing.lt@, EXN_R181579"
2024-733,UAB Continexus..,UAB Continexus,2024-11-21,2024-11-26,NL,3771,,LT,,Vilniaus apskritis,,,,,320.00,277.89,42.11,LOG 0005774 60 d. 25.01.26,LOG 0005774,60,2025-01-26,ULS 24261 45 d. 2025-01-13,ULS 24261,45,2025-01-13,E02276,UAB Uliss MAM790 OR251,UAB Uliss MAM790 OR251,cmr.invoice@ EXN_R181579
2024-732,UAB Arfi Line..,UAB Arfi Line,2024-11-18,2024-11-22,NL,3542,,LT,,Vilniaus apskritis,,,,,500.00,405.98,94.02,LOG 0005773 45 d. 25.01.11,LOG 0005773,45,2025-01-11,ULS 24260 45 d. 2025-01-13,ULS 24260,45,2025-01-13,E02275,UAB Uliss MEZ665 RF186,UAB Uliss MEZ665 RF186,rk@
2024-731,UAB Nunner Logi..,UAB Nunner Logi,2024-11-18,2024-11-21,NL,3852,,LT,,Vilniaus apskritis,,,,,520.00,422.22,97.78,LOG 0005772 45 d. 25.01.11,LOG 0005772,45,2025-01-11,ULS 24260 45 d. 2025-01-13,ULS 24260,45,2025-01-13,E02275,UAB Uliss MEZ665 RF186,UAB Uliss MEZ665 RF186,"v.prudnikovas@, invoice.lt@"
2024-730,UAB RM Cargo Ba..,UAB RM Cargo Ba,2024-11-19,2024-11-22,NL,7418,,LT,,Kauno apskritis,,,,,530.00,430.34,99.66,LOG 0005771 30 d. 24.12.27,LOG 0005771,30,2024-12-27,ULS 24260 45 d. 2025-01-13,ULS 24260,45,2025-01-13,E02275,UAB Uliss MEZ665 RF186,UAB Uliss MEZ665 RF186,mindaugas@rmcargo.lt
2024-729,"Transterus, UAB..","Transterus, UAB",2024-11-18,2024-11-22,NL,2408,,LT,,Vilniaus apskritis,,,,,450.00,365.38,84.62,LOG 0005770 15 d. 24.12.12,LOG 0005770,15,2024-12-12,ULS 24260 45 d. 2025-01-13,ULS 24260,45,2025-01-13,E02275,UAB Uliss MEZ665 RF186,UAB Uliss MEZ665 RF186,transterus@gmail.com
2024-728,UAB Praimeks,UAB Praimeks,2024-11-18,2024-11-22,NL,3029,,LT,,Vilniaus apskritis,,,,,340.00,276.07,63.93,LOG 0005769 45 d. 25.01.11,LOG 0005769,45,2025-01-11,ULS 24260 45 d. 2025-01-13,ULS 24260,45,2025-01-13,E02275,UAB Uliss MEZ665 RF186,UAB Uliss MEZ665 RF186,andrejus@
2024-727,UAB Stesika,UAB Stesika,2024-11-28,2024-12-04,DE,74679,,EE,10313,,,,2029,"2029 kg,",550.00,450.00,100.00,LOG 0005799 30 d. 25.01.04,LOG 0005799,30,2025-01-04,398627 30 d. 2025-01-05,398627,30,2025-01-05,E02274,SIA Baltic Exp..,SIA Baltic Exp,
2024-726,UAB Solgera,UAB Solgera,2024-11-21,2024-11-25,BE,3530,LT Galine,LT,LT-89101,Vilniaus apskritis,,,1000,"1000 kg,",1230.00,859.95,190.05,LOG 0005783 30 d. 24.12.29,LOG 0005783,30,2024-12-29,ULS 24264 45 d. 2025-01-13 ULS 24264 45 d. 2025-01-13,ULS 24264;ULS 24264,45;45,2025-01-13;2025-01-13,E02278,UAB Uliss MLM479 RN864,UAB Uliss MLM479 RN864,transport3@solgera.lt
2024-725,UAB Gamos proje..,UAB Gamos proje,2024-11-21,2024-11-22,LT,LT-89101,,LT,,Taurage,,,5000,"5000 kg,",300.00,200.00,100.00,LOG 0005795 10 d. 24.12.09,LOG 0005795,10,2024-12-09,TRW 0005607 30 d. 2024-12-25,TRW 0005607,30,2024-12-25,E02272,"Transwina, UAB..","Transwina, UAB",
2024-724,UAB Gamos proje..,UAB Gamos proje,2024-11-21,2024-11-21,LT,,Kauno apskritis,LT,,Taurage,,1,500,"500 kg, 1 ldm,",170.00,100.00,70.00,LOG 0005796 10 d. 24.12.09,LOG 0005796,10,2024-12-09,EBET 709 30 d. 2024-12-22,EBET 709,30,2024-12-22,E02270,Emilis Betingi..,Emilis Betingi,
2024-723,UAB Transeksped..,UAB Transeksped,2024-11-12,2024-11-15,NL,8305,,LT,,Kauno apskritis,,,,,285.00,238.05,46.95,LOG 0005767 45 d. 25.01.03,LOG 0005767,45,2025-01-03,ULS 24253 45 d. 2025-01-03,ULS 24253,45,2025-01-03,E02266,UAB Uliss MAM790 OR251,UAB Uliss MAM790 OR251,invoices
2024-722,UAB Transeksped..,UAB Transeksped,2024-11-12,2024-11-15,NL,8305,,LT,,Kauno apskritis,,,,,300.00,250.58,49.42,LOG 0005766 45 d. 25.01.03,LOG 0005766,45,2025-01-03,ULS 24253 45 d. 2025-01-03,ULS 24253,45,2025-01-03,E02266,UAB Uliss MAM790 OR251,UAB Uliss MAM790 OR251,invoices@
2024-721,UAB Blunitrans..,UAB Blunitrans,2024-11-12,2024-11-15,NL,2802,,LT,,Vilniaus apskritis,,,,,500.00,417.63,82.37,LOG 0005765 30 d. 24.12.19,LOG 0005765,30,2024-12-19,ULS 24253 45 d. 2025-01-03,ULS 24253,45,2025-01-03,E02266,UAB Uliss MAM790 OR251,UAB Uliss MAM790 OR251,deividas@bluni
2024-720,UAB Logarta,UAB Logarta,2024-11-12,2024-11-15,BE,2070,,LT,,Kauno apskritis,,,,,470.00,392.58,77.42,LOG 0005764 45 d. 25.01.03,LOG 0005764,45,2025-01-03,ULS 24253 45 d. 2025-01-03,ULS 24253,45,2025-01-03,E02266,UAB Uliss MAM790 OR251,UAB Uliss MAM790 OR251,jolita@logarta.lt
2024-719,UAB Axis Transp..,UAB Axis Transp,2024-11-11,2024-11-15,,,Dordrecht,LT,,Vilniaus apskritis,,,,,600.00,501.16,98.84,LOG 0005763 45 d. 25.01.03,LOG 0005763,45,2025-01-03,ULS 24253 45 d. 2025-01-03,ULS 24253,45,2025-01-03,E02266,UAB Uliss MAM790 OR251,UAB Uliss MAM790 OR251,"invoices@axistransport.lt, info@"
2024-718,Virginija Petki..,Virginija Petki,2024-11-14,2024-11-18,NL,7581,,LT,,Domeikava,1,0.4,500,"1 EP, 500 kg, 0.4 ldm,",250.00,50.00,90.00,LOG 0005768 24.11.20,LOG 0005768,,2024-11-20,OET24 03602 45 d. 2025-02-02,OET24 03602,45,2025-02-02,E02265,UAB Ogtransa..,UAB Ogtransa,
2024-717,UAB Desela,UAB Desela,2024-11-11,2024-11-12,LT,,Kauno apskritis,LT,,Taurage,,,,,240.00,220.00,20.00,LOG 0005762 30 d. 24.12.15,LOG 0005762,30,2024-12-15,ULS 24252 45 d. 2024-12-28,ULS 24252,45,2024-12-28,E02263,UAB Uliss MEZ665 RF186,UAB Uliss MEZ665 RF186,buhalterija@desela.lt
2024-716,UAB Praimeks,UAB Praimeks,2024-11-07,2024-11-11,NL,7547,,LT,,Vilniaus apskritis,,,,,210.00,177.46,32.54,LOG 0005761 45 d. 24.12.30,LOG 0005761,45,2024-12-30,ULS 24252 45 d. 2024-12-28 ULS 24252 45 d. 2024-12-28,ULS 24252;ULS 24252,45;45,2024-12-28;2024-12-28,E02262,UAB Uliss MEZ665 RF186,UAB Uliss MEZ665 RF186,andrejus
2024-715,UAB T & L Solut..,UAB T & L Solut,2024-11-07,2024-11-11,NL,7108,,LT,,Vilniaus apskritis,,,,,740.00,625.35,114.65,LOG 0005760 30 d. 24.12.15,LOG 0005760,30,2024-12-15,ULS 24252 45 d. 2024-12-28 ULS 24252 45 d. 2024-12-28,ULS 24252;ULS 24252,45;45,2024-12-28;2024-12-28,E02262,UAB Uliss MEZ665 RF186,UAB Uliss MEZ665 RF186,nadezda@tlso.lt
2024-714,UAB Treka,UAB Treka,2024-11-07,2024-11-09,NL,7122,,LT,,Kauno apskritis,,,,,180.00,152.11,27.89,LOG 0005759 45 d. 24.12.30,LOG 0005759,45,2024-12-30,ULS 24252 45 d. 2024-12-28 ULS 24252 45 d. 2024-12-28,ULS 24252;ULS 24252,45;45,2024-12-28;2024-12-28,E02262,UAB Uliss MEZ665 RF186,UAB Uliss MEZ665 RF186,apskaita
2024-713,UAB Treka,UAB Treka,2024-11-07,2024-11-11,NL,7041,,LT,,Vilniaus apskritis,,,,,760.00,642.25,117.75,LOG 0005758 45 d. 24.12.30,LOG 0005758,45,2024-12-30,ULS 24252 45 d. 2024-12-28 ULS 24252 45 d. 2024-12-28,ULS 24252;ULS 24252,45;45,2024-12-28;2024-12-28,E02262,UAB Uliss MEZ665 RF186,UAB Uliss MEZ665 RF186,apskaita@
2024-712,"Logexim LT, UAB..","Logexim LT, UAB",2024-11-07,2024-11-11,NL,6666,,LT,,Vilniaus apskritis,,,,,240.00,202.82,37.18,LOG 0005757 30 d. 24.12.15,LOG 0005757,30,2024-12-15,ULS 24252 45 d. 2024-12-28 ULS 24252 45 d. 2024-12-28,ULS 24252;ULS 24252,45;45,2024-12-28;2024-12-28,E02262,UAB Uliss MEZ665 RF186,UAB Uliss MEZ665 RF186,kp@logeximlt.com
2024-711,UAB Delamode Ba..,UAB Delamode Ba,2024-11-12,2024-11-12,LT,,Vilniaus apskritis,LT,,Klaipėda,,,,,280.00,250.00,30.00,LOG 0005756 30 d. 24.12.15,LOG 0005756,30,2024-12-15,ULS 24251 45 d. 2024-12-28,ULS 24251,45,2024-12-28,E02261,UAB Uliss KHO066 JO618,UAB Uliss KHO066 JO618,invoicing.lt@
2024-710,UAB Praimeks,UAB Praimeks,2024-11-08,2024-11-11,NL,7324,,LT,,Vilniaus apskritis,,,,,170.00,138.46,31.54,LOG 0005755 45 d. 24.12.30,LOG 0005755,45,2024-12-30,ULS 24251 45 d. 2024-12-28,ULS 24251,45,2024-12-28,E02260,UAB Uliss KHO066 JO618,UAB Uliss KHO066 JO618,andrejus
2024-709,UAB Laudeka,UAB Laudeka,2024-11-08,2024-11-11,NL,3899,,LT,,Vilniaus apskritis,,,,,1050.00,855.20,194.80,LOG 0005754 30 d. 24.12.15,LOG 0005754,30,2024-12-15,ULS 24251 45 d. 2024-12-28,ULS 24251,45,2024-12-28,E02260,UAB Uliss KHO066 JO618,UAB Uliss KHO066 JO618,arturas@laudeka.lt
2024-708,Fireball Logist..,Fireball Logist,2024-11-07,2024-11-11,NL,3769,,LT,,Vilniaus apskritis,,,,,200.00,162.90,37.10,LOG 0005753 30 d. 24.12.15,LOG 0005753,30,2024-12-15,ULS 24251 45 d. 2024-12-28,ULS 24251,45,2024-12-28,E02260,UAB Uliss KHO066 JO618,UAB Uliss KHO066 JO618,invoice@fireball.lt
2024-707,UAB Baseta,UAB Baseta,2024-11-07,2024-11-11,NL,5408,,LT,,Kauno apskritis,,,,,290.00,236.20,53.80,LOG 0005752 45 d. 24.12.30,LOG 0005752,45,2024-12-30,ULS 24251 45 d. 2024-12-28,ULS 24251,45,2024-12-28,E02260,UAB Uliss KHO066 JO618,UAB Uliss KHO066 JO618,SASKAITOS@
2024-706,UAB Praimeks,UAB Praimeks,2024-11-07,2024-11-11,NL,5431,,LT,,Vilniaus apskritis,,,,,500.00,407.24,92.76,LOG 0005751 45 d. 24.12.30,LOG 0005751,45,2024-12-30,ULS 24251 45 d. 2024-12-28,ULS 24251,45,2024-12-28,E02260,UAB Uliss KHO066 JO618,UAB Uliss KHO066 JO618,ANDREJUS@
2024-705,Algio Petkeviči..,Algio Petkeviči,2024-11-08,2024-11-11,LT,,Vilniaus apskritis,LT,,Klaipėda,,,,,270.00,240.00,30.00,LOG 0005750 3 d. 24.11.18,LOG 0005750,3,2024-11-18,ULS 24250 45 d. 2024-12-28,ULS 24250,45,2024-12-28,E02259,UAB Uliss MLM479 RN864,UAB Uliss MLM479 RN864,rasaba3@gmail.com
2024-704,UAB Arfi Line..,UAB Arfi Line,2024-11-05,2024-11-07,NL,7418,,LT,,Vilniaus apskritis,,,,,180.00,144.78,35.22,LOG 0005749 45 d. 24.12.30,LOG 0005749,45,2024-12-30,ULS 24250 45 d. 2024-12-28,ULS 24250,45,2024-12-28,E02251,UAB Uliss MLM479 RN864,UAB Uliss MLM479 RN864,rk@arfiline.lt
2024-703,UAB RM Cargo Ba..,UAB RM Cargo Ba,2024-11-05,2024-11-07,NL,7418,,LT,,Kauno apskritis,,,,,600.00,482.61,117.39,LOG 0005748 30 d. 24.12.15,LOG 0005748,30,2024-12-15,ULS 24250 45 d. 2024-12-28,ULS 24250,45,2024-12-28,E02251,UAB Uliss MLM479 RN864,UAB Uliss MLM479 RN864,mindaugas@rmcargo.lt
2024-702,Belopt logistic..,Belopt logistic,2024-11-05,2024-11-07,NL,7332,,LT,,Vilniaus apskritis,,,,,300.00,241.30,58.70,LOG 0005747 30 d. 24.12.15,LOG 0005747,30,2024-12-15,ULS 24250 45 d. 2024-12-28,ULS 24250,45,2024-12-28,E02251,UAB Uliss MLM479 RN864,UAB Uliss MLM479 RN864,transport.basking@gmail.com
2024-701,UAB Praimeks,UAB Praimeks,2024-11-04,2024-11-07,NL,6604,,LT,,Vilniaus apskritis,,,,,460.00,370.00,90.00,LOG 0005746 45 d. 24.12.30,LOG 0005746,45,2024-12-30,ULS 24250 45 d. 2024-12-28,ULS 24250,45,2024-12-28,E02251,UAB Uliss MLM479 RN864,UAB Uliss MLM479 RN864,andrejus@
2024-700,UAB Transeksped..,UAB Transeksped,2024-11-04,2024-11-07,NL,3197,,LT,,Kauno apskritis,,,,,400.00,321.74,78.26,LOG 0005745 45 d. 24.12.30,LOG 0005745,45,2024-12-30,ULS 24250 45 d. 2024-12-28,ULS 24250,45,2024-12-28,E02251,UAB Uliss MLM479 RN864,UAB Uliss MLM479 RN864,invoices@transekspedicija.lt
2024-699,UAB Stesika,UAB Stesika,2024-11-12,2024-11-13,EE,,Talinas,LT,,Klaipėda,6,3.9,2200,"6 EP, 2200 kg, 3.9 ldm,",270.00,170.00,100.00,LOG 0005744 30 d. 24.12.13,LOG 0005744,30,2024-12-13,TL 01416 30 d. 2024-12-14,TL 01416,30,2024-12-14,E02258,"Translinada, U..","Translinada, U",
2024-698,UAB Terminality..,UAB Terminality,2024-11-04,2024-11-05,LT,,Kauno apskritis,LT,,Šilutė,,,,,170.00,150.00,20.00,LOG 0005740 30 d. 24.12.11,LOG 0005740,30,2024-12-11,ULS 24249 45 d. 2024-12-28,ULS 24249,45,2024-12-28,E02257,UAB Uliss MEZ683 RF186,UAB Uliss MEZ683 RF186,accounting@terminality.partners
2024-697,UAB Transeksped..,UAB Transeksped,2024-10-30,2024-11-04,NL,4104,,LT,,Vilniaus apskritis,,,,,625.00,549.29,75.71,LOG 0005739 45 d. 24.12.26,LOG 0005739,45,2024-12-26,ULS 24249 45 d. 2024-12-28,ULS 24249,45,2024-12-28,E02256,UAB Uliss MEZ683 RF186,UAB Uliss MEZ683 RF186,invoices@
2024-696,UAB Hitransa,UAB Hitransa,2024-10-31,2024-11-04,NL,3769,,LT,,Vilniaus apskritis,,,,,120.00,105.46,14.54,LOG 0005738 45 d. 24.12.26,LOG 0005738,45,2024-12-26,ULS 24249 45 d. 2024-12-28,ULS 24249,45,2024-12-28,E02256,UAB Uliss MEZ683 RF186,UAB Uliss MEZ683 RF186,rolandas@
2024-695,UAB Treka,UAB Treka,2024-10-28,2024-11-04,NL,3763,,LT,,Kauno apskritis,,,,,390.00,342.76,47.24,LOG 0005737 45 d. 24.12.26,LOG 0005737,45,2024-12-26,ULS 24249 45 d. 2024-12-28,ULS 24249,45,2024-12-28,E02256,UAB Uliss MEZ683 RF186,UAB Uliss MEZ683 RF186,apskaita@
2024-694,UAB Baltic Tran..,UAB Baltic Tran,2024-10-30,2024-11-04,NL,8239,,LT,,Kėdainiai,,,,,820.00,720.67,99.33,LOG 0005736 45 d. 24.12.26,LOG 0005736,45,2024-12-26,ULS 24249 45 d. 2024-12-28,ULS 24249,45,2024-12-28,E02256,UAB Uliss MEZ683 RF186,UAB Uliss MEZ683 RF186,pirkimai4@
2024-693,UAB Transeksped..,UAB Transeksped,2024-10-30,2024-11-04,NL,1333,,LT,,Kauno apskritis,,,,,150.00,131.83,18.17,LOG 0005735 45 d. 24.12.26,LOG 0005735,45,2024-12-26,ULS 24249 45 d. 2024-12-28,ULS 24249,45,2024-12-28,E02256,UAB Uliss MEZ683 RF186,UAB Uliss MEZ683 RF186,invoices@
2024-692,"Kaupaka, UAB","Kaupaka, UAB",2024-11-05,2024-11-05,LT,,Kauno apskritis,LT,,Taurage,,,,,130.00,140.00,-10.00,LOG 0005734 30 d. 24.12.11,LOG 0005734,30,2024-12-11,ULS 24248 45 d. 2024-12-28,ULS 24248,45,2024-12-28,E02255,UAB Uliss MAM790 OR251,UAB Uliss MAM790 OR251,info@kaupaka.lt
2024-691,"Shippy, MB","Shippy, MB",2024-11-05,2024-11-05,LT,,Kauno apskritis,LT,,Taurage,,,,,250.00,140.00,110.00,LOG 0005733 30 d. 24.12.11,LOG 0005733,30,2024-12-11,ULS 24248 45 d. 2024-12-28,ULS 24248,45,2024-12-28,E02254,UAB Uliss MAM790 OR251,UAB Uliss MAM790 OR251,arvydas@shippy.lt
2024-690,UAB Transeksped..,UAB Transeksped,2024-11-01,2024-11-04,NL,3861,,LT,,Vilniaus apskritis,,,,,170.00,140.37,29.63,LOG 0005732 45 d. 24.12.26,LOG 0005732,45,2024-12-26,ULS 24248 45 d. 2024-12-28,ULS 24248,45,2024-12-28,E02253,UAB Uliss MAM790 OR251,UAB Uliss MAM790 OR251,invoices@transekspedicija.lt
2024-689,UAB Aksola,UAB Aksola,2024-10-30,2024-11-04,NL,4879,,LT,,Vilniaus apskritis,,,,,410.00,338.53,71.47,LOG 0005731 45 d. 24.12.26,LOG 0005731,45,2024-12-26,ULS 24248 45 d. 2024-12-28,ULS 24248,45,2024-12-28,E02253,UAB Uliss MAM790 OR251,UAB Uliss MAM790 OR251,info@aksola.com
2024-688,"Steka, UAB","Steka, UAB",2024-10-30,2024-11-04,NL,4903,,LT,,Vilniaus apskritis,,,,,610.00,503.67,106.33,LOG 0005730 30 d. 24.12.11,LOG 0005730,30,2024-12-11,ULS 24248 45 d. 2024-12-28,ULS 24248,45,2024-12-28,E02253,UAB Uliss MAM790 OR251,UAB Uliss MAM790 OR251,kostas@steka.lt
2024-687,UAB Transeksped..,UAB Transeksped,2024-10-30,2024-11-04,NL,4903,,LT,,Kauno apskritis,,,,,990.00,817.43,172.57,LOG 0005729 45 d. 24.12.26,LOG 0005729,45,2024-12-26,ULS 24248 45 d. 2024-12-28,ULS 24248,45,2024-12-28,E02253,UAB Uliss MAM790 OR251,UAB Uliss MAM790 OR251,invoices@transekspedicija.lt
2024-686,UAB Stesika,UAB Stesika,2024-11-08,2024-11-13,DE,74679,,LT,,Klaipėda,,,2940,"2940 kg,",530.00,450.00,80.00,LOG 0005743 30 d. 24.12.13,LOG 0005743,30,2024-12-13,NTG 202434098 45 d. 2025-02-01,NTG 202434098,45,2025-02-01,E02252,UAB NTG Lithua..,UAB NTG Lithua,
2024-685,"Vilpra, UAB","Vilpra, UAB",2024-11-04,2024-11-08,NL,3165,,LT,,Vilniaus apskritis,,,,,360.00,289.57,70.43,LOG 0005728 30 d. 24.12.07,LOG 0005728,30,2024-12-07,ULS 24250 45 d. 2024-12-28,ULS 24250,45,2024-12-28,E02251,UAB Uliss MLM479 RN864,UAB Uliss MLM479 RN864,rimantas.mince@vilpra.lt (nesiusti emailo)
2024-684,UAB Stesika,UAB Stesika,2024-11-08,2024-11-11,EE,,Talinas,LT,,Klaipėda,,2.7,1700,"1700 kg, 2.7 ldm,",200.00,160.00,40.00,LOG 0005742 30 d. 24.12.13,LOG 0005742,30,2024-12-13,,,,,E02250,Partners & Par..,Partners & Par,
